磊摹备疙,过沥悼疙,殿废荐
己合备,辨澜悼,2005 
己合备,捣鞠悼,1978 
己合备,籍包悼,1573 
己合备,己合悼,1062 
己合备,厘困悼,3106 
己合备,沥釜悼,3970 
己合备,辆鞠悼,1748 
己合备,惑岿邦悼,507 
己合备,窍岿邦悼,2005 
己合备,悼急悼1啊,57 
己合备,悼急悼2啊,107 
己合备,悼急悼3啊,136 
己合备,悼急悼4啊,145 
己合备,悼急悼5啊,91 
己合备,焊巩悼1啊,88 
己合备,焊巩悼2啊,127 
己合备,焊巩悼3啊,149 
己合备,焊巩悼4啊,47 
己合备,焊巩悼5啊,100 
己合备,焊巩悼6啊,301 
己合备,焊巩悼7啊,34 
己合备,伙急悼1啊,296 
己合备,伙急悼2啊,330 
己合备,伙急悼3啊,240 
己合备,伙急悼4啊,114 
己合备,伙急悼5啊,205 
己合备,己合悼1啊,136 
己合备,救鞠悼1啊,162 
己合备,救鞠悼2啊,126 
己合备,救鞠悼3啊,253 
己合备,救鞠悼4啊,51 
己合备,救鞠悼5啊,118 
己合备,悼家巩悼1啊,69 
己合备,悼家巩悼2啊,74 
己合备,悼家巩悼3啊,7 
己合备,悼家巩悼4啊,112 
己合备,悼家巩悼5啊,44 
己合备,悼家巩悼6啊,84 
己合备,悼家巩悼7啊,120 
