gid,sgg_nm_k,sido_nm_k,격자 내 토지이용(건물)의 밀도
다사53b51a,중구,서울특별시,577.130622
다사52a41a,관악구,서울특별시,557.173908
다사64b46a,송파구,서울특별시,515.679588
다사66b42a,송파구,서울특별시,512.7611416
다사54a52b,종로구,서울특별시,509.7463716
다사60b45a,강남구,서울특별시,509.091928
다사49a47a,영등포구,서울특별시,507.76291
다사42a52a,강서구,서울특별시,483.1587944
다사49b47a,영등포구,서울특별시,478.8383328
다사49a43b,관악구,서울특별시,478.3479784
다사61a45b,강남구,서울특별시,472.260468
다사62a48b,광진구,서울특별시,467.9814192
다사54a51b,중구,서울특별시,437.0100336
다사60a43a,강남구,서울특별시,431.0824432
다사54b52a,종로구,서울특별시,430.157884
다사54a51a,중구,서울특별시,424.87768
다사45b42a,금천구,서울특별시,418.7139921
다사45a42a,금천구,서울특별시,418.134716
다사57a44a,서초구,서울특별시,417.4732676
다사64b45b,송파구,서울특별시,410.015792
다사59a44b,강남구,서울특별시,409.638324
다사54a52a,중구,서울특별시,404.350704
다사60a45a,강남구,서울특별시,404.0105652
다사51a49a,마포구,서울특별시,396.2218548
다사54b51b,중구,서울특별시,388.33444
다사60b43b,강남구,서울특별시,374.9744647
다사59b44b,강남구,서울특별시,374.7902025
다사41a51a,강서구,서울특별시,373.2189
다사58a43b,서초구,서울특별시,370.9987072
다사58b44b,강남구,서울특별시,370.6373636
다사67b48b,강동구,서울특별시,369.2486708
다사58b43b,강남구,서울특별시,367.8626016
다사46b42b,구로구,서울특별시,361.3377842
다사48b47b,영등포구,서울특별시,355.640224
다사56b52a,중구,서울특별시,353.688048
다사46a43a,구로구,서울특별시,353.435388
다사56b54b,성북구,서울특별시,352.6114488
다사68b50b,강동구,서울특별시,352.27268
다사50b51a,서대문구,서울특별시,349.8966488
다사53b52a,중구,서울특별시,346.897536
다사66a43a,송파구,서울특별시,345.8451772
다사46a53a,마포구,서울특별시,344.802952
다사52b47b,용산구,서울특별시,343.5348412
다사57b52a,중구,서울특별시,342.050888
다사62b46a,송파구,서울특별시,336.734496
다사53b50b,중구,서울특별시,335.402076
다사53a51a,중구,서울특별시,334.3983432
다사65a46b,송파구,서울특별시,333.921586
다사49a46b,영등포구,서울특별시,333.560904
다사51b50a,마포구,서울특별시,329.2726907
다사50b51b,서대문구,서울특별시,328.686356
다사60a44a,강남구,서울특별시,323.7322147
다사46b43a,구로구,서울특별시,323.2676828
다사48a50a,마포구,서울특별시,321.799606
다사53b52b,종로구,서울특별시,320.6588637
다사56b57b,강북구,서울특별시,318.7034592
다사53a52b,종로구,서울특별시,318.09124
다사45b45b,구로구,서울특별시,318.0101484
다사45a42b,금천구,서울특별시,315.1098864
다사58b54a,성북구,서울특별시,314.851844
다사70b50b,강동구,서울특별시,313.6216448
다사67a48b,강동구,서울특별시,307.2136349
다사57a42b,서초구,서울특별시,306.2098492
다사55a51b,중구,서울특별시,303.111918
다사57b44b,서초구,서울특별시,302.7371668
다사45b41a,금천구,서울특별시,302.055008
다사53b51b,중구,서울특별시,301.3118824
다사41a51b,강서구,서울특별시,300.41702
다사60b43a,강남구,서울특별시,300.3681112
다사58b44a,강남구,서울특별시,298.4612116
다사44a47a,양천구,서울특별시,297.3481404
다사56b45b,서초구,서울특별시,296.7650872
다사66b42b,송파구,서울특별시,295.1200437
다사58a44a,서초구,서울특별시,294.561195
다사56b43b,서초구,서울특별시,293.2093064
다사63a45b,송파구,서울특별시,292.707346
다사41a49b,강서구,서울특별시,291.6117808
다사60b45b,강남구,서울특별시,291.2269744
다사47a48a,영등포구,서울특별시,290.5750632
다사44b47b,양천구,서울특별시,287.5547
다사46a42b,구로구,서울특별시,286.9311968
다사40b51a,강서구,서울특별시,283.606654
다사45b46b,영등포구,서울특별시,282.923352
다사56b43a,서초구,서울특별시,281.9714179
다사49a50b,마포구,서울특별시,281.0595056
다사44a47b,양천구,서울특별시,280.6473612
다사52a45a,동작구,서울특별시,280.6110467
다사61a45a,강남구,서울특별시,279.434276
다사47a46b,영등포구,서울특별시,278.0424936
다사58a44b,강남구,서울특별시,277.8594236
다사60b49b,성동구,서울특별시,277.3224712
다사51b49a,마포구,서울특별시,274.8703124
다사53a47a,용산구,서울특별시,273.3742924
다사59b45a,강남구,서울특별시,271.7298427
다사53a52a,중구,서울특별시,271.000588
다사46a45a,구로구,서울특별시,270.941348
다사49b46b,영등포구,서울특별시,270.512832
다사43a51a,강서구,서울특별시,270.1774308
다사51b49b,마포구,서울특별시,268.8613556
다사58a52a,성동구,서울특별시,268.61492
다사62a52b,동대문구,서울특별시,266.7138994
다사48b52b,서대문구,서울특별시,265.565784
다사45b41b,금천구,서울특별시,265.476266
다사55b52b,종로구,서울특별시,263.911299
다사53a48b,용산구,서울특별시,263.5408608
다사47a47b,영등포구,서울특별시,262.9733029
다사58a50b,성동구,서울특별시,262.958044
다사52b51a,중구,서울특별시,261.9326357
다사46a53b,마포구,서울특별시,260.964168
다사46b46b,영등포구,서울특별시,259.249472
다사57a52a,중구,서울특별시,258.9901704
다사59b46a,강남구,서울특별시,258.7845242
다사57b56a,성북구,서울특별시,255.307192
다사68a41b,송파구,서울특별시,254.6196194
다사46b40a,금천구,서울특별시,254.0449372
다사61b49b,광진구,서울특별시,253.3269116
다사68a42a,송파구,서울특별시,252.1629319
다사52a43a,관악구,서울특별시,251.4782716
다사57a57b,강북구,서울특별시,250.1084532
다사58a47a,강남구,서울특별시,249.7324932
다사59a45b,강남구,서울특별시,248.9979947
다사53a51b,중구,서울특별시,247.9136017
다사57a56b,성북구,서울특별시,247.7134843
다사60a52b,동대문구,서울특별시,247.4437632
다사63b45a,송파구,서울특별시,247.1389103
다사45b53b,마포구,서울특별시,247.065996
다사60b49a,성동구,서울특별시,246.7794776
다사62b61a,노원구,서울특별시,246.544952
다사66b49a,강동구,서울특별시,246.5446828
다사68a50b,강동구,서울특별시,246.1605008
다사58a45a,강남구,서울특별시,246.132209
다사59b44a,강남구,서울특별시,246.0015937
다사57a43a,서초구,서울특별시,245.1371072
다사60a46a,강남구,서울특별시,243.997532
다사60a44b,강남구,서울특별시,243.6709574
다사41a50a,강서구,서울특별시,242.7096066
다사55b51b,중구,서울특별시,242.5875584
다사59b47a,강남구,서울특별시,241.6098736
다사60b47a,강남구,서울특별시,240.8487814
다사57b56b,성북구,서울특별시,240.5567012
다사42b51b,강서구,서울특별시,239.8698916
다사46b41a,금천구,서울특별시,239.841242
다사59a56b,성북구,서울특별시,239.7407776
다사41b51a,강서구,서울특별시,239.6394396
다사62a52a,동대문구,서울특별시,238.4960416
다사44b50a,강서구,서울특별시,238.3914012
다사65a46a,송파구,서울특별시,237.8249049
다사60b44a,강남구,서울특별시,237.6727877
다사68b42a,송파구,서울특별시,237.5917094
다사45a48b,양천구,서울특별시,235.704372
다사59b40b,서초구,서울특별시,234.952324
다사47b52b,서대문구,서울특별시,234.9151062
다사48b55b,은평구,서울특별시,234.3992159
다사43b51a,강서구,서울특별시,232.3256081
다사46a41b,금천구,서울특별시,231.84033
다사64a45a,송파구,서울특별시,231.6258084
다사50a50b,마포구,서울특별시,231.3353484
다사65b46a,송파구,서울특별시,230.2603026
다사56b44b,서초구,서울특별시,229.5024748
다사58a51a,성동구,서울특별시,228.6272772
다사60a49b,성동구,서울특별시,227.5546018
다사63b45b,송파구,서울특별시,227.308848
다사43b50b,강서구,서울특별시,226.7446982
다사43b44a,구로구,서울특별시,226.4161364
다사59b61b,도봉구,서울특별시,226.2843716
다사47b47a,영등포구,서울특별시,226.1315964
다사59a47a,강남구,서울특별시,225.903248
다사57b46b,강남구,서울특별시,225.643118
다사58b50b,성동구,서울특별시,225.1598232
다사61a61b,노원구,서울특별시,225.137568
다사59a46a,강남구,서울특별시,224.5951668
다사57b46a,강남구,서울특별시,224.262124
다사57b51a,중구,서울특별시,223.7573336
다사57b45a,서초구,서울특별시,223.6463744
다사42a46b,양천구,서울특별시,223.5617144
다사59a44a,강남구,서울특별시,222.7231096
다사61a44a,강남구,서울특별시,222.4150635
다사66a42b,송파구,서울특별시,222.3548836
다사69b50b,강동구,서울특별시,221.5622988
다사45a45b,구로구,서울특별시,220.9128064
다사56a52a,중구,서울특별시,220.3705736
다사64a56b,중랑구,서울특별시,219.1150218
다사57b45b,강남구,서울특별시,218.6102687
다사66a44a,송파구,서울특별시,218.5490116
다사59a50b,성동구,서울특별시,218.2926488
다사59a46b,강남구,서울특별시,217.85449
다사70b50a,강동구,서울특별시,217.4167148
다사62b57a,중랑구,서울특별시,216.8973206
다사64a56a,중랑구,서울특별시,216.5496984
다사54b52b,종로구,서울특별시,216.299528
다사58b46b,강남구,서울특별시,215.959502
다사50b45a,동작구,서울특별시,215.9415528
다사44a50a,강서구,서울특별시,215.7903525
다사40a51a,강서구,서울특별시,215.7887024
다사57a44b,서초구,서울특별시,215.7287137
다사63b55a,중랑구,서울특별시,215.464482
다사41b52a,강서구,서울특별시,215.3468302
다사61b57b,노원구,서울특별시,215.156306
다사55a43b,서초구,서울특별시,215.0739765
다사52b51b,서대문구,서울특별시,214.9343644
다사63b43b,강남구,서울특별시,214.455748
다사41b51b,강서구,서울특별시,213.9310819
다사58b46a,강남구,서울특별시,213.6289046
다사58b45b,강남구,서울특별시,213.3070364
다사61b60a,노원구,서울특별시,213.13488
다사51a48b,마포구,서울특별시,212.7134392
다사56a51b,중구,서울특별시,212.1684844
다사42b50b,강서구,서울특별시,212.1515156
다사57b52b,종로구,서울특별시,211.8438138
다사57a51b,중구,서울특별시,211.627562
다사51b51a,서대문구,서울특별시,211.3316651
다사64b49a,광진구,서울특별시,211.222268
다사40a52a,강서구,서울특별시,211.063408
다사43a43b,구로구,서울특별시,210.6068112
다사46b48a,영등포구,서울특별시,210.455564
다사64a45b,송파구,서울특별시,210.284792
다사45b42b,구로구,서울특별시,210.24872
다사61b42b,강남구,서울특별시,209.2174446
다사51a49b,마포구,서울특별시,209.0017486
다사61a49b,성동구,서울특별시,208.493204
다사51a45b,동작구,서울특별시,208.2904571
다사57a55b,성북구,서울특별시,208.270953
다사50b49a,마포구,서울특별시,208.1836202
다사61a52a,동대문구,서울특별시,207.69247
다사53a43a,동작구,서울특별시,207.6682866
다사43a51b,강서구,서울특별시,207.646824
다사48b50b,마포구,서울특별시,207.0336712
다사55b53a,종로구,서울특별시,206.788164
다사61b61b,노원구,서울특별시,206.64836
다사58a51b,성동구,서울특별시,206.5736802
다사61a46a,강남구,서울특별시,206.546464
다사48b40a,관악구,서울특별시,205.9211444
다사58b43a,강남구,서울특별시,205.566868
다사48b59b,은평구,서울특별시,205.2476094
다사63a55a,중랑구,서울특별시,204.8492224
다사68b48b,강동구,서울특별시,204.539986
다사54a42b,서초구,서울특별시,204.4939002
다사56a45a,서초구,서울특별시,204.233812
다사53b46b,용산구,서울특별시,204.0143572
다사59a45a,강남구,서울특별시,203.5253296
다사46a47b,영등포구,서울특별시,203.3726491
다사58b56a,성북구,서울특별시,203.2750116
다사39b52a,강서구,서울특별시,203.056836
다사67a42a,송파구,서울특별시,202.86884
다사50a46b,영등포구,서울특별시,202.536124
다사58b55b,성북구,서울특별시,202.008012
다사41b50a,강서구,서울특별시,201.532348
다사43b49b,양천구,서울특별시,201.2518529
다사45b45a,구로구,서울특별시,201.084868
다사46a47a,영등포구,서울특별시,200.9904064
다사44b47a,양천구,서울특별시,200.9790127
다사59b62a,도봉구,서울특별시,200.6920667
다사59a43b,강남구,서울특별시,200.6857371
다사42a51a,강서구,서울특별시,200.5930908
다사57a53b,성북구,서울특별시,200.5790608
다사41b46a,양천구,서울특별시,200.4982349
다사48b55a,은평구,서울특별시,200.3024498
다사45a45a,구로구,서울특별시,200.1365484
다사56b42b,서초구,서울특별시,199.6442752
다사46a44a,구로구,서울특별시,199.2505948
다사47b46b,영등포구,서울특별시,199.1643179
다사58a46b,강남구,서울특별시,198.9957004
다사57a43b,서초구,서울특별시,198.700012
다사68a48b,강동구,서울특별시,198.486494
다사59a53a,동대문구,서울특별시,198.3842168
다사62a61b,노원구,서울특별시,198.3245066
다사59a42b,서초구,서울특별시,198.1965968
다사59a55b,성북구,서울특별시,197.7850392
다사64b46b,송파구,서울특별시,197.7156798
다사49b42b,관악구,서울특별시,197.697638
다사57b44a,서초구,서울특별시,197.127632
다사58b62a,도봉구,서울특별시,196.9459032
다사46a44b,구로구,서울특별시,196.705
다사51b43b,동작구,서울특별시,196.3753267
다사54a43a,서초구,서울특별시,196.1513892
다사59b42a,강남구,서울특별시,195.867494
다사63a46a,송파구,서울특별시,195.855116
다사46a46b,영등포구,서울특별시,195.52402
다사56a48b,용산구,서울특별시,195.4412539
다사64a49a,광진구,서울특별시,195.4271112
다사57b55a,성북구,서울특별시,194.911088
다사59b46b,강남구,서울특별시,194.5747498
다사53a49a,용산구,서울특별시,194.3729268
다사40b52a,강서구,서울특별시,194.1423304
다사62a50a,광진구,서울특별시,193.9071004
다사64b43a,강남구,서울특별시,193.472648
다사56a42a,서초구,서울특별시,193.1808566
다사61b44b,강남구,서울특별시,193.064376
다사61b51b,동대문구,서울특별시,193.0033937
다사42a48a,강서구,서울특별시,192.7538588
다사57a49b,성동구,서울특별시,192.4895304
다사60a47a,강남구,서울특별시,192.1817318
다사39a53a,강서구,서울특별시,191.789954
다사50b43a,관악구,서울특별시,191.6563651
다사54b44a,서초구,서울특별시,191.60928
다사57a52b,종로구,서울특별시,190.7805984
다사47b42a,금천구,서울특별시,190.62365
다사61b59b,노원구,서울특별시,190.3034516
다사49b57a,은평구,서울특별시,190.179896
다사62a53b,동대문구,서울특별시,189.8263531
다사43a45a,구로구,서울특별시,189.740704
다사57b40b,서초구,서울특별시,189.612624
다사61a53a,동대문구,서울특별시,189.527756
다사42a44a,구로구,서울특별시,189.2124724
다사68b50a,강동구,서울특별시,189.16924
다사61b52a,동대문구,서울특별시,188.9520108
다사66b44a,송파구,서울특별시,188.608304
다사60b64b,노원구,서울특별시,188.536352
다사49b43a,관악구,서울특별시,188.4196861
다사44b44b,구로구,서울특별시,188.356772
다사46b46a,영등포구,서울특별시,188.332304
다사59b49b,성동구,서울특별시,188.141988
다사43b45a,구로구,서울특별시,187.7961288
다사61b44a,강남구,서울특별시,186.698176
다사55a42b,서초구,서울특별시,186.599904
다사57b50a,성동구,서울특별시,186.2716848
다사46b47a,영등포구,서울특별시,186.1485032
다사67b48a,강동구,서울특별시,185.828839
다사61a57b,노원구,서울특별시,185.722719
다사46b47b,영등포구,서울특별시,185.549709
다사56b50a,중구,서울특별시,185.4880652
다사52b52a,종로구,서울특별시,185.4386434
다사56a44b,서초구,서울특별시,185.217844
다사47b55b,은평구,서울특별시,185.11174
다사58b51b,성동구,서울특별시,184.959794
다사58a62a,도봉구,서울특별시,184.9597408
다사48a53a,서대문구,서울특별시,184.880164
다사41b43b,구로구,서울특별시,184.7866792
다사56b46a,서초구,서울특별시,184.672452
다사63a48b,광진구,서울특별시,184.29544
다사60b44b,강남구,서울특별시,184.253912
다사55b51a,중구,서울특별시,184.181524
다사57a50b,중구,서울특별시,183.8449437
다사49a57b,은평구,서울특별시,183.5071696
다사50b49b,마포구,서울특별시,183.4605608
다사57b57b,강북구,서울특별시,183.4551092
다사62a48a,광진구,서울특별시,183.331478
다사51b48b,용산구,서울특별시,183.230092
다사57b51b,중구,서울특별시,182.9207176
다사44b46b,양천구,서울특별시,182.834596
다사57b55b,성북구,서울특별시,182.4708136
다사57a49a,성동구,서울특별시,182.3863136
다사51a54a,서대문구,서울특별시,182.3065546
다사49a51a,마포구,서울특별시,182.229552
다사51a42b,관악구,서울특별시,182.1389376
다사41b46b,양천구,서울특별시,181.686218
다사59b63a,도봉구,서울특별시,181.5939588
다사59a47b,강남구,서울특별시,181.2539144
다사48a52b,서대문구,서울특별시,181.160614
다사66a43b,송파구,서울특별시,180.8419237
다사61a56a,성북구,서울특별시,180.8167216
다사50b44b,동작구,서울특별시,180.696996
다사50b42b,관악구,서울특별시,180.6450527
다사63b55b,중랑구,서울특별시,180.5737682
다사51b50b,마포구,서울특별시,180.4544415
다사42a51b,강서구,서울특별시,180.268492
다사44b44a,구로구,서울특별시,179.8459343
다사41b50b,강서구,서울특별시,179.5517181
다사56b51a,중구,서울특별시,179.49806
다사45b47a,영등포구,서울특별시,179.221948
다사47a42a,금천구,서울특별시,179.1332832
다사51b42a,관악구,서울특별시,179.079816
다사47b56a,은평구,서울특별시,179.009231
다사59a43a,강남구,서울특별시,178.8799311
다사71a50a,강동구,서울특별시,178.808776
다사45b44b,구로구,서울특별시,178.7691993
다사51a43a,관악구,서울특별시,178.7289868
다사58a45b,강남구,서울특별시,178.452584
다사67a50a,강동구,서울특별시,178.2625836
다사46b45b,영등포구,서울특별시,177.1832324
다사51b44b,동작구,서울특별시,176.9544552
다사44a50b,강서구,서울특별시,176.8841632
다사39a52b,강서구,서울특별시,176.5585883
다사57b57a,강북구,서울특별시,176.3740952
다사55b44a,서초구,서울특별시,176.2866033
다사66b45b,송파구,서울특별시,176.1805428
다사58a59b,강북구,서울특별시,176.115604
다사43a47a,양천구,서울특별시,175.3233876
다사58b60b,도봉구,서울특별시,175.0841172
다사67b44a,송파구,서울특별시,174.944309
다사60b51b,성동구,서울특별시,174.89684
다사46b48b,영등포구,서울특별시,174.69212
다사57b50b,성동구,서울특별시,174.6126612
다사44a49b,양천구,서울특별시,174.5170469
다사64a57a,중랑구,서울특별시,174.507528
다사58b53a,동대문구,서울특별시,174.4941431
다사50b42a,관악구,서울특별시,174.22034
다사40b50b,강서구,서울특별시,174.1593656
다사49a47b,영등포구,서울특별시,174.12544
다사46a43b,구로구,서울특별시,174.1177596
다사41b47a,양천구,서울특별시,173.9195996
다사55a45a,서초구,서울특별시,173.396104
다사51b42b,관악구,서울특별시,173.3062452
다사52a48a,용산구,서울특별시,173.010212
다사60a49a,성동구,서울특별시,172.9095112
다사49a54b,은평구,서울특별시,172.741316
다사65b44a,송파구,서울특별시,172.582156
다사41b48a,강서구,서울특별시,172.5785116
다사49a55b,은평구,서울특별시,172.2975772
다사59b45b,강남구,서울특별시,172.2104504
다사38a52b,강서구,서울특별시,171.868076
다사64a55a,중랑구,서울특별시,171.680265
다사61a55a,동대문구,서울특별시,171.667244
다사50a56a,은평구,서울특별시,171.6455504
다사53b43b,동작구,서울특별시,171.5990902
다사57a56a,성북구,서울특별시,171.417236
다사68a49b,강동구,서울특별시,171.232568
다사67a44a,송파구,서울특별시,171.2059424
다사56b45a,서초구,서울특별시,171.1076724
다사44b48a,양천구,서울특별시,170.905544
다사57b43b,서초구,서울특별시,170.8054536
다사47b43a,동작구,서울특별시,170.6327488
다사55b44b,서초구,서울특별시,170.4048202
다사63b46a,송파구,서울특별시,170.027332
다사49a43a,관악구,서울특별시,169.937644
다사69a50a,강동구,서울특별시,169.9186235
다사67a43b,송파구,서울특별시,169.702505
다사57a50a,성동구,서울특별시,169.5217709
다사55a44a,서초구,서울특별시,169.4212204
다사58a47b,강남구,서울특별시,169.374988
다사62b58b,노원구,서울특별시,169.3403072
다사51b43a,관악구,서울특별시,169.289948
다사48b47a,영등포구,서울특별시,169.2361
다사60a65a,도봉구,서울특별시,169.0657884
다사68a49a,강동구,서울특별시,169.0652756
다사59b51a,성동구,서울특별시,168.892642
다사45a41b,금천구,서울특별시,168.837084
다사58a43a,서초구,서울특별시,168.7251756
다사57a46b,서초구,서울특별시,168.677492
다사45b43a,구로구,서울특별시,168.530698
다사66b48b,강동구,서울특별시,168.147586
다사57a51a,중구,서울특별시,168.062244
다사58a56a,성북구,서울특별시,167.6648644
다사46a41a,금천구,서울특별시,167.528372
다사44a49a,양천구,서울특별시,167.2678028
다사43b46a,양천구,서울특별시,167.199628
다사51a43b,관악구,서울특별시,167.005844
다사44a48b,양천구,서울특별시,166.8516079
다사52b48b,용산구,서울특별시,166.7169924
다사48a44a,동작구,서울특별시,166.7140318
다사48b60a,은평구,서울특별시,166.6135656
다사49b50b,마포구,서울특별시,166.3974577
다사60a55a,동대문구,서울특별시,166.374142
다사68a48a,강동구,서울특별시,166.309744
다사57b49b,성동구,서울특별시,166.21486
다사48b53b,서대문구,서울특별시,166.1173294
다사66b41b,송파구,서울특별시,166.095672
다사48b57b,은평구,서울특별시,165.8986384
다사69a51a,강동구,서울특별시,165.814284
다사61b48a,광진구,서울특별시,165.3763
다사60b63a,노원구,서울특별시,165.2117024
다사57a54b,성북구,서울특별시,165.089784
다사65a47b,송파구,서울특별시,165.065228
다사53b43a,동작구,서울특별시,164.9329413
다사54a44a,동작구,서울특별시,164.8882828
다사63b53a,중랑구,서울특별시,164.6968175
다사54b43b,서초구,서울특별시,164.6365922
다사68a50a,강동구,서울특별시,164.367322
다사41b42b,구로구,서울특별시,164.122776
다사57b59b,강북구,서울특별시,163.8150686
다사59a60a,도봉구,서울특별시,163.721618
다사43a44a,구로구,서울특별시,163.5406694
다사57b47a,강남구,서울특별시,163.36672
다사49a49b,마포구,서울특별시,163.1575916
다사60a62a,도봉구,서울특별시,163.1455163
다사67a48a,강동구,서울특별시,163.1372676
다사58b47b,강남구,서울특별시,162.9834744
다사65a45a,송파구,서울특별시,162.875338
다사61a51b,동대문구,서울특별시,162.828506
다사57a45b,서초구,서울특별시,162.33276
다사61a49a,성동구,서울특별시,162.187424
다사60b52b,동대문구,서울특별시,162.165812
다사63a42b,강남구,서울특별시,162.1160416
다사42a47a,양천구,서울특별시,161.5514928
다사47a51b,마포구,서울특별시,161.397422
다사67b49b,강동구,서울특별시,161.344856
다사68b43b,송파구,서울특별시,161.339948
다사41b49a,강서구,서울특별시,161.2388896
다사43b50a,강서구,서울특별시,160.9920814
다사46b38b,금천구,서울특별시,160.8159448
다사39b52b,강서구,서울특별시,160.7535714
다사51a42a,관악구,서울특별시,160.627588
다사68b48a,강동구,서울특별시,160.5764272
다사49b49b,마포구,서울특별시,160.4001152
다사62b58a,노원구,서울특별시,160.3733
다사65b45a,송파구,서울특별시,160.3015844
다사57a55a,성북구,서울특별시,160.127484
다사59a56a,성북구,서울특별시,160.1007148
다사63a58a,노원구,서울특별시,159.85239
다사60a46b,강남구,서울특별시,159.684304
다사48a39a,금천구,서울특별시,159.598151
다사42a49b,강서구,서울특별시,159.484964
다사58b47a,강남구,서울특별시,159.4537764
다사41b49b,강서구,서울특별시,159.38116
다사49b56b,은평구,서울특별시,159.304144
다사46a42a,금천구,서울특별시,159.2297162
다사61b49a,광진구,서울특별시,159.196396
다사50b50a,마포구,서울특별시,159.145568
다사55a43a,서초구,서울특별시,159.0917259
다사66b48a,강동구,서울특별시,158.789368
다사47b43b,동작구,서울특별시,158.584394
다사60b54b,동대문구,서울특별시,158.1403508
다사47b47b,영등포구,서울특별시,158.0498187
다사58a46a,강남구,서울특별시,157.9722594
다사67a49b,강동구,서울특별시,157.929336
다사57a46a,서초구,서울특별시,157.9097616
다사58b45a,강남구,서울특별시,157.9020228
다사41b47b,강서구,서울특별시,157.6864956
다사67b41b,송파구,서울특별시,157.568956
다사67a45b,송파구,서울특별시,157.3115336
다사60a43b,강남구,서울특별시,157.2749727
다사67b47b,강동구,서울특별시,157.23816
다사62a60b,노원구,서울특별시,157.2014792
다사50a49b,마포구,서울특별시,157.143708
다사68b49a,강동구,서울특별시,157.0377012
다사61a43b,강남구,서울특별시,156.92626
다사60b64a,노원구,서울특별시,156.6716508
다사52a42b,관악구,서울특별시,156.3324464
다사67a47b,강동구,서울특별시,156.289866
다사51a51a,서대문구,서울특별시,156.2547715
다사48a55b,은평구,서울특별시,156.181342
다사59a60b,도봉구,서울특별시,156.0853
다사60a53b,동대문구,서울특별시,156.035172
다사47a45a,영등포구,서울특별시,156.01162
다사61b62b,노원구,서울특별시,155.833124
다사53b50a,용산구,서울특별시,155.794908
다사66b47b,강동구,서울특별시,155.672244
다사57a45a,서초구,서울특별시,155.4027864
다사57b60b,강북구,서울특별시,155.3463544
다사64a44b,송파구,서울특별시,154.9584388
다사52a50a,마포구,서울특별시,154.8844072
다사51a51b,서대문구,서울특별시,154.641856
다사54b53a,종로구,서울특별시,154.3501992
다사47a51a,마포구,서울특별시,154.234172
다사61b62a,노원구,서울특별시,153.693922
다사52b45a,동작구,서울특별시,153.378386
다사58b57a,강북구,서울특별시,153.375678
다사59b41b,서초구,서울특별시,153.288312
다사62a62a,노원구,서울특별시,153.2655491
다사53a47b,용산구,서울특별시,153.253748
다사66b44b,송파구,서울특별시,153.2231864
다사58a61a,도봉구,서울특별시,153.1721684
다사54b51a,중구,서울특별시,153.044854
다사63a45a,송파구,서울특별시,152.9411864
다사66a45b,송파구,서울특별시,152.8754128
다사66a42a,송파구,서울특별시,152.836732
다사43b47b,양천구,서울특별시,152.5890448
다사47a47a,영등포구,서울특별시,152.547904
다사47b52a,마포구,서울특별시,152.5270164
다사51a45a,동작구,서울특별시,152.4859853
다사50a41a,관악구,서울특별시,152.347956
다사53a42a,동작구,서울특별시,152.2699839
다사46a45b,구로구,서울특별시,152.256698
다사67a45a,송파구,서울특별시,152.2245876
다사53a46b,용산구,서울특별시,152.212616
다사60b52a,동대문구,서울특별시,151.8805884
다사58b53b,동대문구,서울특별시,151.833878
다사62a61a,노원구,서울특별시,151.6326796
다사42a49a,강서구,서울특별시,151.565548
다사48b50a,마포구,서울특별시,151.364684
다사58b60a,강북구,서울특별시,151.2077252
다사48b56b,은평구,서울특별시,151.042
다사49b50a,마포구,서울특별시,151.0146881
다사52a43b,관악구,서울특별시,150.933692
다사64a55b,중랑구,서울특별시,150.6059552
다사43b44b,구로구,서울특별시,150.6039216
다사44b49b,양천구,서울특별시,150.4849484
다사59b47b,강남구,서울특별시,150.431772
다사59a62a,도봉구,서울특별시,150.4052172
다사52b41b,관악구,서울특별시,150.322484
다사60a61a,도봉구,서울특별시,150.203084
다사56a53a,종로구,서울특별시,150.121688
다사50b45b,동작구,서울특별시,149.8651352
다사49b44b,동작구,서울특별시,149.6712672
다사61a44b,강남구,서울특별시,149.667408
다사61a61a,노원구,서울특별시,149.419964
다사52a52a,서대문구,서울특별시,149.1093144
다사51a44a,동작구,서울특별시,149.0254027
다사66a44b,송파구,서울특별시,148.6396724
다사57b60a,강북구,서울특별시,148.5825948
다사63b58b,노원구,서울특별시,148.5307184
다사48b58a,은평구,서울특별시,148.520452
다사48b56a,은평구,서울특별시,148.48864
다사41a48a,양천구,서울특별시,148.3570432
다사56b57a,성북구,서울특별시,148.212144
다사62a58b,노원구,서울특별시,148.2061414
다사48b46a,영등포구,서울특별시,148.076586
다사43b45b,양천구,서울특별시,148.07166
다사47b44a,영등포구,서울특별시,147.869328
다사66a47b,송파구,서울특별시,147.7921188
다사62a53a,동대문구,서울특별시,147.7901336
다사61a62a,노원구,서울특별시,147.6741952
다사47b42b,관악구,서울특별시,147.5787128
다사63b49b,광진구,서울특별시,147.5748104
다사63b49a,광진구,서울특별시,147.476504
다사55b54a,종로구,서울특별시,147.4494708
다사66b45a,송파구,서울특별시,147.4374976
다사48a57a,은평구,서울특별시,147.424352
다사61b54b,동대문구,서울특별시,147.2481668
다사42b44a,구로구,서울특별시,147.2297925
다사48a50b,마포구,서울특별시,147.208292
다사65b45b,송파구,서울특별시,147.151408
다사42a48b,강서구,서울특별시,147.1373516
다사67b46a,송파구,서울특별시,147.0823324
다사56b56a,성북구,서울특별시,147.0816881
다사48b39a,금천구,서울특별시,146.968112
다사63b48b,광진구,서울특별시,146.9182456
다사65b46b,송파구,서울특별시,146.8254798
다사64b56a,중랑구,서울특별시,146.7244739
다사41a49a,강서구,서울특별시,146.6504998
다사56b55b,성북구,서울특별시,146.4340039
다사66a45a,송파구,서울특별시,146.3377392
다사41b44b,구로구,서울특별시,146.165832
다사63a49a,광진구,서울특별시,146.15975
다사58a60a,강북구,서울특별시,145.99991
다사59a62b,도봉구,서울특별시,145.9117712
다사57a57a,성북구,서울특별시,145.9034536
다사52b47a,용산구,서울특별시,145.700572
다사58b42b,서초구,서울특별시,145.543828
다사47a39a,금천구,서울특별시,145.5391356
다사53a50a,용산구,서울특별시,145.514106
다사48a58a,은평구,서울특별시,145.4975666
다사47a44a,영등포구,서울특별시,145.4910996
다사50a50a,마포구,서울특별시,145.4809744
다사67b50a,강동구,서울특별시,145.47536
다사48b57a,은평구,서울특별시,145.377592
다사42b48a,강서구,서울특별시,145.27565
다사52b49b,용산구,서울특별시,145.2059928
다사45b43b,구로구,서울특별시,145.20535
다사56a42b,서초구,서울특별시,145.175236
다사46b44a,영등포구,서울특별시,145.16395
다사48b43a,관악구,서울특별시,145.1436928
다사49b44a,동작구,서울특별시,144.505494
다사59b52b,동대문구,서울특별시,144.5039297
다사63a53a,중랑구,서울특별시,144.3824368
다사64b45a,송파구,서울특별시,144.3245943
다사60a54a,동대문구,서울특별시,144.3137728
다사51b44a,동작구,서울특별시,144.2521196
다사45a54a,마포구,서울특별시,144.198924
다사48b51a,마포구,서울특별시,144.1792652
다사44b45a,구로구,서울특별시,143.9701284
다사53a48a,용산구,서울특별시,143.703588
다사53b42a,동작구,서울특별시,143.6998728
다사63b50b,광진구,서울특별시,143.582036
다사64b41b,강남구,서울특별시,143.5550743
다사55a44b,서초구,서울특별시,143.38578
다사67a43a,송파구,서울특별시,143.316606
다사65a45b,송파구,서울특별시,143.2609776
다사60a41b,강남구,서울특별시,143.173042
다사63b44b,송파구,서울특별시,143.155728
다사48a56b,은평구,서울특별시,143.127648
다사62b43b,강남구,서울특별시,143.0667224
다사48a53b,서대문구,서울특별시,142.9244416
다사43b48b,강서구,서울특별시,142.9164856
다사62b51a,광진구,서울특별시,142.8831908
다사47a45b,영등포구,서울특별시,142.8692064
다사56a43a,서초구,서울특별시,142.7687068
다사42a44b,구로구,서울특별시,142.7607816
다사47b51a,마포구,서울특별시,142.67332
다사65b43a,송파구,서울특별시,142.6217034
다사48a56a,은평구,서울특별시,142.4151395
다사47b44b,영등포구,서울특별시,142.2375529
다사61b55b,동대문구,서울특별시,142.1799192
다사61b53a,동대문구,서울특별시,142.088816
다사59a61b,도봉구,서울특별시,141.9827296
다사62b52b,중랑구,서울특별시,141.8022732
다사47a50b,마포구,서울특별시,141.76713
다사49a44a,동작구,서울특별시,141.472416
다사63a57b,중랑구,서울특별시,141.1437087
다사53a43b,동작구,서울특별시,141.1211543
다사59b53b,동대문구,서울특별시,141.084744
다사55b52a,중구,서울특별시,140.99832
다사49a45b,동작구,서울특별시,140.9384808
다사46b45a,영등포구,서울특별시,140.876972
다사61b60b,노원구,서울특별시,140.8562306
다사60a53a,동대문구,서울특별시,140.8125012
다사60b63b,노원구,서울특별시,140.8030528
다사52a44a,동작구,서울특별시,140.7794228
다사67b43b,송파구,서울특별시,140.6984404
다사49a42b,관악구,서울특별시,140.6481944
다사45a49a,양천구,서울특별시,140.558104
다사57b59a,강북구,서울특별시,140.4843992
다사64b40b,강남구,서울특별시,140.3999884
다사59a51b,성동구,서울특별시,140.3872132
다사50a41b,관악구,서울특별시,140.2602476
다사62b54b,중랑구,서울특별시,140.2313892
다사58a50a,성동구,서울특별시,140.1611572
다사53b41b,관악구,서울특별시,140.0119636
다사62b48a,광진구,서울특별시,139.978364
다사60a50a,성동구,서울특별시,139.8941788
다사63a50b,광진구,서울특별시,139.8730632
다사47b39a,금천구,서울특별시,139.7867035
다사46b40b,금천구,서울특별시,139.7657828
다사59a42a,서초구,서울특별시,139.764012
다사59b42b,강남구,서울특별시,139.175088
다사68b49b,강동구,서울특별시,139.0185704
다사43a46b,양천구,서울특별시,138.901922
다사47b50a,마포구,서울특별시,138.7832968
다사47a41b,금천구,서울특별시,138.7623772
다사43b49a,강서구,서울특별시,138.3658968
다사47b50b,마포구,서울특별시,138.2801532
다사61a60a,노원구,서울특별시,138.272356
다사56b50b,중구,서울특별시,138.1869856
다사43a48a,강서구,서울특별시,138.084881
다사58b62b,도봉구,서울특별시,137.9174766
다사57a54a,성북구,서울특별시,137.591654
다사43a47b,양천구,서울특별시,137.5098456
다사46a40a,금천구,서울특별시,137.4439435
다사49a54a,서대문구,서울특별시,137.266696
다사56a45b,서초구,서울특별시,137.070816
다사47b53a,서대문구,서울특별시,136.931698
다사48b41b,관악구,서울특별시,136.869462
다사63a51a,광진구,서울특별시,136.670166
다사47b57a,은평구,서울특별시,136.6303584
다사52b49a,용산구,서울특별시,136.606787
다사41a48b,강서구,서울특별시,136.5947001
다사59a57a,성북구,서울특별시,136.448196
다사62a49b,광진구,서울특별시,136.2684604
다사58a48a,강남구,서울특별시,136.222748
다사49b42a,관악구,서울특별시,136.185072
다사59a63a,도봉구,서울특별시,136.1096092
다사63b54b,중랑구,서울특별시,135.6516048
다사62b45b,송파구,서울특별시,135.6265622
다사56a52b,종로구,서울특별시,135.4544287
다사60b56b,성북구,서울특별시,135.428108
다사64a54a,중랑구,서울특별시,135.4162397
다사46b41b,금천구,서울특별시,135.2523696
다사62b50b,광진구,서울특별시,135.20444
다사50b46a,동작구,서울특별시,134.9865808
다사62b62a,노원구,서울특별시,134.8689028
다사58b57b,강북구,서울특별시,134.830146
다사46b53a,마포구,서울특별시,134.726556
다사42b45b,구로구,서울특별시,134.7175588
다사49b51a,서대문구,서울특별시,134.6326512
다사66b43b,송파구,서울특별시,134.5001904
다사55b53b,종로구,서울특별시,134.4877267
다사52a42a,관악구,서울특별시,134.255088
다사48a57b,은평구,서울특별시,134.2067012
다사58b52a,성동구,서울특별시,134.027696
다사61b51a,성동구,서울특별시,133.881168
다사55a52a,종로구,서울특별시,133.7976872
다사41b44a,구로구,서울특별시,133.7723088
다사42a47b,양천구,서울특별시,133.732944
다사46b39b,금천구,서울특별시,133.5452488
다사56a48a,용산구,서울특별시,133.4193624
다사54a42a,서초구,서울특별시,133.40189
다사61b52b,동대문구,서울특별시,133.3967752
다사49b43b,관악구,서울특별시,133.342552
다사62a60a,노원구,서울특별시,133.325816
다사65a44b,송파구,서울특별시,133.315572
다사46a48b,영등포구,서울특별시,133.2957561
다사59b43b,강남구,서울특별시,133.274228
다사58b52b,동대문구,서울특별시,133.260646
다사61b56a,동대문구,서울특별시,133.2524168
다사68a47b,강동구,서울특별시,133.214058
다사60a63b,노원구,서울특별시,133.129462
다사57a60b,강북구,서울특별시,133.1119584
다사47a41a,금천구,서울특별시,133.0988384
다사56b53b,성북구,서울특별시,133.005816
다사49a53b,서대문구,서울특별시,132.977894
다사43a50b,강서구,서울특별시,132.9347184
다사53a42b,동작구,서울특별시,132.8382125
다사62b45a,송파구,서울특별시,132.80943
다사44a48a,양천구,서울특별시,132.7587576
다사63a52a,광진구,서울특별시,132.546063
다사50a43a,관악구,서울특별시,132.535146
다사43a48b,강서구,서울특별시,132.141681
다사49a51b,마포구,서울특별시,132.0973504
다사42b47a,양천구,서울특별시,131.97778
다사45a44b,구로구,서울특별시,131.8007616
다사49a56a,은평구,서울특별시,131.684412
다사55a48a,용산구,서울특별시,131.5983221
다사54a43b,동작구,서울특별시,131.482395
다사58a53a,동대문구,서울특별시,131.248686
다사62a50b,광진구,서울특별시,131.2309648
다사61a46b,강남구,서울특별시,131.0632712
다사57b53a,종로구,서울특별시,131.050153
다사62b54a,중랑구,서울특별시,131.039836
다사66a46a,송파구,서울특별시,130.910956
다사71b51a,강동구,서울특별시,130.76954
다사64b44b,송파구,서울특별시,130.685622
다사59a51a,성동구,서울특별시,130.4891
다사54a46b,용산구,서울특별시,130.471064
다사43b48a,강서구,서울특별시,130.308546
다사62b56a,중랑구,서울특별시,130.301802
다사61a54a,동대문구,서울특별시,130.243876
다사47a43a,영등포구,서울특별시,130.2219472
다사56b54a,성북구,서울특별시,130.1860412
다사63b53b,중랑구,서울특별시,130.0383336
다사56b44a,서초구,서울특별시,129.9842036
다사47a38b,금천구,서울특별시,129.9453968
다사41b48b,강서구,서울특별시,129.8551228
다사52a52b,서대문구,서울특별시,129.8148241
다사47b55a,은평구,서울특별시,129.80854
다사49a56b,은평구,서울특별시,129.807794
다사50a45a,동작구,서울특별시,129.5852504
다사48a51a,마포구,서울특별시,129.5503276
다사42b43a,구로구,서울특별시,129.427
다사44b43b,구로구,서울특별시,129.29718
다사42b42b,구로구,서울특별시,129.2919704
다사57b53b,성북구,서울특별시,129.220288
다사62b55b,중랑구,서울특별시,129.1747984
다사69a44a,송파구,서울특별시,129.113746
다사63b54a,중랑구,서울특별시,129.099722
다사47a40b,금천구,서울특별시,129.097814
다사56b49b,성동구,서울특별시,129.065436
다사48b54b,은평구,서울특별시,129.029352
다사61b48b,광진구,서울특별시,128.995648
다사67a49a,강동구,서울특별시,128.95877
다사67a42b,송파구,서울특별시,128.922784
다사47b46a,영등포구,서울특별시,128.818869
다사61a58a,노원구,서울특별시,128.8175033
다사60a52a,성동구,서울특별시,128.740588
다사62a62b,노원구,서울특별시,128.7043148
다사48a42b,관악구,서울특별시,128.624794
다사62b56b,중랑구,서울특별시,128.6008548
다사42b48b,강서구,서울특별시,128.5726516
다사47a40a,금천구,서울특별시,128.37993
다사58a58a,강북구,서울특별시,128.359922
다사61a62b,노원구,서울특별시,128.2258736
다사55b48b,용산구,서울특별시,128.222528
다사50b55a,서대문구,서울특별시,128.2213032
다사47a43b,영등포구,서울특별시,128.196236
다사42b51a,강서구,서울특별시,128.1906604
다사40a51b,강서구,서울특별시,128.159324
다사62b57b,노원구,서울특별시,128.1333026
다사60b62b,노원구,서울특별시,128.012492
다사66b43a,송파구,서울특별시,127.9270656
다사63b50a,광진구,서울특별시,127.834324
다사55b42a,서초구,서울특별시,127.587088
다사67a50b,강동구,서울특별시,127.576978
다사61a54b,동대문구,서울특별시,127.409672
다사52a49a,용산구,서울특별시,127.3629228
다사47a39b,금천구,서울특별시,127.3600748
다사48b51b,마포구,서울특별시,127.3430116
다사59b62b,도봉구,서울특별시,127.2156709
다사40a52b,강서구,서울특별시,127.1403919
다사59b41a,서초구,서울특별시,127.053922
다사54a41b,서초구,서울특별시,127.0108876
다사43a46a,양천구,서울특별시,126.901064
다사60a61b,도봉구,서울특별시,126.787166
다사57b43a,서초구,서울특별시,126.7340468
다사58b55a,성북구,서울특별시,126.7150784
다사64b55b,중랑구,서울특별시,126.6042603
다사63a54a,중랑구,서울특별시,126.6033564
다사66a48a,송파구,서울특별시,126.47515
다사63a51b,광진구,서울특별시,126.377596
다사39b53a,강서구,서울특별시,125.924548
다사62b61b,노원구,서울특별시,125.919148
다사62b48b,광진구,서울특별시,125.5861644
다사50a57a,은평구,서울특별시,125.5578529
다사65a55b,중랑구,서울특별시,125.3734842
다사67a47a,강동구,서울특별시,125.2418
다사54b43a,서초구,서울특별시,125.079252
다사48a55a,은평구,서울특별시,125.0243804
다사66b50a,강동구,서울특별시,124.9591827
다사49b45b,동작구,서울특별시,124.90316
다사52b50a,용산구,서울특별시,124.8554536
다사47a52a,마포구,서울특별시,124.6788796
다사39b51a,강서구,서울특별시,124.2974984
다사44b48b,양천구,서울특별시,124.13756
다사38b51a,강서구,서울특별시,124.063772
다사46b44b,영등포구,서울특별시,123.9505932
다사49b46a,동작구,서울특별시,123.8201044
다사63a48a,광진구,서울특별시,123.669914
다사61b45a,강남구,서울특별시,123.66862
다사60b48b,성동구,서울특별시,123.655894
다사56a53b,종로구,서울특별시,123.435924
다사49b51b,서대문구,서울특별시,123.3317718
다사48a42a,관악구,서울특별시,123.021776
다사62b52a,광진구,서울특별시,122.940672
다사52a45b,동작구,서울특별시,122.8505364
다사42b43b,구로구,서울특별시,122.741284
다사61b58b,노원구,서울특별시,122.7347516
다사48a44b,영등포구,서울특별시,122.634688
다사57a60a,강북구,서울특별시,122.61525
다사59b61a,도봉구,서울특별시,122.609064
다사60b46b,강남구,서울특별시,122.6034705
다사48b53a,서대문구,서울특별시,122.431544
다사65b47a,송파구,서울특별시,122.293644
다사58a56b,성북구,서울특별시,122.2936092
다사46b42a,금천구,서울특별시,122.2296348
다사41a50b,강서구,서울특별시,122.2087828
다사56b48a,용산구,서울특별시,122.1517
다사62b62b,노원구,서울특별시,122.1321145
다사40b48b,양천구,서울특별시,121.863122
다사42b47b,양천구,서울특별시,121.6232566
다사63a61a,노원구,서울특별시,121.6067344
다사43b47a,양천구,서울특별시,121.1324564
다사56b51b,중구,서울특별시,120.941958
다사61b57a,성북구,서울특별시,120.834636
다사49a53a,서대문구,서울특별시,120.7880234
다사61a59b,노원구,서울특별시,120.63544
다사64a54b,중랑구,서울특별시,120.588314
다사53a41b,관악구,서울특별시,120.4000932
다사43b46b,양천구,서울특별시,120.343864
다사68a44b,송파구,서울특별시,120.2687692
다사63a55b,중랑구,서울특별시,120.186536
다사55b43a,서초구,서울특별시,120.1188739
다사59a54a,동대문구,서울특별시,120.0353288
다사63a54b,중랑구,서울특별시,119.7303452
다사64a46a,송파구,서울특별시,119.627864
다사61a52b,동대문구,서울특별시,119.625812
다사60b46a,강남구,서울특별시,119.4632
다사48a46a,영등포구,서울특별시,119.432232
다사49b56a,은평구,서울특별시,119.416588
다사59b49a,성동구,서울특별시,119.3891516
다사58b61a,도봉구,서울특별시,119.3477848
다사40b49a,양천구,서울특별시,119.3451556
다사63b48a,광진구,서울특별시,119.15826
다사51a44b,동작구,서울특별시,119.1320261
다사48b54a,은평구,서울특별시,119.000794
다사49a44b,동작구,서울특별시,118.7904648
다사42a52b,강서구,서울특별시,118.662872
다사49b47b,영등포구,서울특별시,118.62602
다사44b42b,금천구,서울특별시,118.5332886
다사61a39b,서초구,서울특별시,118.3542
다사56b49a,성동구,서울특별시,118.154312
다사50b54a,서대문구,서울특별시,118.0235912
다사58a59a,강북구,서울특별시,117.9707996
다사53a53b,종로구,서울특별시,117.748258
다사42a50a,강서구,서울특별시,117.5036554
다사49a58a,은평구,서울특별시,117.396608
다사58b51a,성동구,서울특별시,117.2487444
다사39a52a,강서구,서울특별시,116.9772252
다사63b41a,강남구,서울특별시,116.7922216
다사66a48b,송파구,서울특별시,116.7638138
다사52b52b,종로구,서울특별시,116.7212538
다사58b59b,강북구,서울특별시,116.6114604
다사46a49a,영등포구,서울특별시,116.587764
다사49b41a,관악구,서울특별시,116.4541136
다사51a54b,서대문구,서울특별시,116.392812
다사61b59a,노원구,서울특별시,116.375292
다사38b52b,강서구,서울특별시,116.1462152
다사64b55a,중랑구,서울특별시,115.913152
다사69a50b,강동구,서울특별시,115.891168
다사51a50a,마포구,서울특별시,115.8781016
다사45a53b,마포구,서울특별시,115.784284
다사47a42b,관악구,서울특별시,115.7068324
다사59b56a,성북구,서울특별시,115.666098
다사59b58b,강북구,서울특별시,115.660642
다사67b45a,송파구,서울특별시,115.6056116
다사58a60b,강북구,서울특별시,115.5487663
다사48b42b,관악구,서울특별시,115.356912
다사55a51a,중구,서울특별시,115.344272
다사53a49b,용산구,서울특별시,115.2686528
다사60a47b,강남구,서울특별시,115.1635294
다사61b43b,강남구,서울특별시,115.13908
다사55a48b,용산구,서울특별시,115.105914
다사61b55a,동대문구,서울특별시,115.0514592
다사58a58b,강북구,서울특별시,114.8831372
다사61a59a,노원구,서울특별시,114.6850524
다사59b57a,성북구,서울특별시,114.6743408
다사60a56b,성북구,서울특별시,114.494656
다사54b42b,서초구,서울특별시,114.2253318
다사63a52b,중랑구,서울특별시,114.1141707
다사40a42a,구로구,서울특별시,114.0534602
다사40a50b,강서구,서울특별시,114.053048
다사50a44b,동작구,서울특별시,113.9851768
다사50b50b,마포구,서울특별시,113.8064024
다사48a51b,마포구,서울특별시,113.411524
다사52a48b,용산구,서울특별시,113.3390334
다사58b50a,성동구,서울특별시,113.169952
다사60a45b,강남구,서울특별시,112.951328
다사53b42b,동작구,서울특별시,112.8811752
다사57b58b,강북구,서울특별시,112.87204
다사42b50a,강서구,서울특별시,112.787474
다사40b46a,양천구,서울특별시,112.550556
다사50a53a,서대문구,서울특별시,112.5403693
다사51a55a,서대문구,서울특별시,112.5110872
다사46b43b,영등포구,서울특별시,112.500322
다사56b48b,용산구,서울특별시,112.4990896
다사63a57a,중랑구,서울특별시,112.4011372
다사49a57a,은평구,서울특별시,112.362518
다사64a48b,광진구,서울특별시,112.3561726
다사71a51b,강동구,서울특별시,112.2879832
다사64b54b,중랑구,서울특별시,112.2133784
다사47b45a,영등포구,서울특별시,112.1198891
다사58a57a,강북구,서울특별시,112.07866
다사52a49b,용산구,서울특별시,111.9572204
다사58a55b,성북구,서울특별시,111.8164264
다사65b44b,송파구,서울특별시,111.7709736
다사62b63a,노원구,서울특별시,111.640048
다사48a43a,관악구,서울특별시,111.635984
다사45b40b,금천구,서울특별시,111.5545595
다사50b44a,동작구,서울특별시,111.510294
다사56b56b,성북구,서울특별시,111.48107
다사43b43b,구로구,서울특별시,111.445116
다사60a64b,도봉구,서울특별시,111.4253699
다사48b44b,영등포구,서울특별시,111.4227726
다사48b41a,관악구,서울특별시,111.397932
다사57a59b,강북구,서울특별시,111.25236
다사67b49a,강동구,서울특별시,111.154998
다사47a52b,마포구,서울특별시,111.1234805
다사59a58b,강북구,서울특별시,111.105456
다사44b50b,강서구,서울특별시,110.97566
다사45b46a,영등포구,서울특별시,110.8300724
다사40a50a,강서구,서울특별시,110.529188
다사63a47b,광진구,서울특별시,110.514228
다사55b47b,용산구,서울특별시,110.4882676
다사61a42b,강남구,서울특별시,110.3056172
다사60a54b,동대문구,서울특별시,109.989872
다사62b55a,중랑구,서울특별시,109.7657496
다사48a54a,서대문구,서울특별시,109.73314
다사52b43a,동작구,서울특별시,109.6970328
다사55b48a,용산구,서울특별시,109.598456
다사57a59a,강북구,서울특별시,109.583133
다사49a60b,은평구,서울특별시,109.388272
다사47b54a,은평구,서울특별시,109.3671048
다사69b44a,송파구,서울특별시,109.325706
다사52b42a,관악구,서울특별시,109.2360432
다사62a59a,노원구,서울특별시,109.1797244
다사47b53b,서대문구,서울특별시,109.13454
다사62b51b,광진구,서울특별시,108.9739
다사57b42b,서초구,서울특별시,108.9625408
다사69b50a,강동구,서울특별시,108.951094
다사51b48a,용산구,서울특별시,108.8723572
다사55b42b,서초구,서울특별시,108.5346018
다사62b59a,노원구,서울특별시,108.411748
다사41b52b,강서구,서울특별시,108.3038655
다사60a58b,노원구,서울특별시,108.233194
다사52a51a,서대문구,서울특별시,108.1170604
다사60a51a,성동구,서울특별시,108.0838244
다사65a57b,중랑구,서울특별시,108.035308
다사59b59a,노원구,서울특별시,107.9140748
다사40b49b,양천구,서울특별시,107.7849379
다사42b52a,강서구,서울특별시,107.7136729
다사49b52a,서대문구,서울특별시,107.628772
다사39a51b,강서구,서울특별시,107.605808
다사68b47b,강동구,서울특별시,107.345332
다사61b61a,노원구,서울특별시,107.237164
다사58b56b,성북구,서울특별시,107.144728
다사54a49b,용산구,서울특별시,107.139994
다사47b45b,영등포구,서울특별시,107.0900676
다사59b43a,강남구,서울특별시,107.048884
다사61b45b,강남구,서울특별시,106.9954908
다사60a57a,성북구,서울특별시,106.752512
다사57a58b,강북구,서울특별시,106.691346
다사65a41b,강남구,서울특별시,106.5060768
다사57b58a,강북구,서울특별시,106.4992968
다사56b52b,종로구,서울특별시,106.4978476
다사59a52b,동대문구,서울특별시,106.450558
다사58a40b,서초구,서울특별시,106.329276
다사45b44a,구로구,서울특별시,106.2386584
다사62a59b,노원구,서울특별시,106.122002
다사66b49b,강동구,서울특별시,105.9035718
다사58a54a,성북구,서울특별시,105.88477
다사41a46b,양천구,서울특별시,105.8372888
다사50a44a,동작구,서울특별시,105.6145588
다사56a57b,성북구,서울특별시,105.6106392
다사50a45b,동작구,서울특별시,105.5862
다사56a43b,서초구,서울특별시,105.42272
다사42a45a,구로구,서울특별시,105.3764392
다사63b51a,광진구,서울특별시,105.360362
다사63a60b,노원구,서울특별시,105.3550324
다사59b52a,성동구,서울특별시,105.293288
다사54b44b,서초구,서울특별시,105.129104
다사60b59a,노원구,서울특별시,105.098996
다사39a51a,강서구,서울특별시,105.0662735
다사54b42a,서초구,서울특별시,104.914684
다사68b44a,송파구,서울특별시,104.737966
다사64a50b,광진구,서울특별시,104.647024
다사70a50b,강동구,서울특별시,104.5944932
다사42a50b,강서구,서울특별시,104.3123927
다사50b43b,관악구,서울특별시,103.983716
다사59a59b,도봉구,서울특별시,103.9581872
다사60b53a,동대문구,서울특별시,103.953032
다사39b51b,강서구,서울특별시,103.673564
다사55a49a,용산구,서울특별시,103.5036428
다사60a63a,노원구,서울특별시,103.4662648
다사60b54a,동대문구,서울특별시,103.463176
다사45b40a,금천구,서울특별시,103.4466
다사52a51b,서대문구,서울특별시,103.338026
다사43a43a,구로구,서울특별시,103.3305824
다사52a53a,종로구,서울특별시,103.2458447
다사62b49b,광진구,서울특별시,103.244216
다사41b45b,양천구,서울특별시,103.2021648
다사52b48a,용산구,서울특별시,103.15957
다사58a53b,성북구,서울특별시,103.12242
다사48b59a,은평구,서울특별시,102.8808604
다사61a57a,성북구,서울특별시,102.8775561
다사42b46a,양천구,서울특별시,102.790696
다사70a51a,강동구,서울특별시,102.7646364
다사43a44b,구로구,서울특별시,102.703094
다사44a46a,양천구,서울특별시,102.667644
다사47a38a,금천구,서울특별시,102.6126972
다사58a52b,동대문구,서울특별시,102.573836
다사58a57b,강북구,서울특별시,102.471056
다사49a45a,동작구,서울특별시,102.292806
다사57b54b,성북구,서울특별시,102.2306524
다사41a44a,구로구,서울특별시,102.162944
다사56b60b,강북구,서울특별시,102.1017244
다사64a53b,중랑구,서울특별시,102.041808
다사56a56b,성북구,서울특별시,101.950772
다사52b50b,중구,서울특별시,101.805649
다사50b54b,서대문구,서울특별시,101.578206
다사62a58a,노원구,서울특별시,101.5063052
다사68b51a,강동구,서울특별시,101.458242
다사54b46b,용산구,서울특별시,101.348508
다사55a47a,용산구,서울특별시,101.3260332
다사48b45b,영등포구,서울특별시,101.266592
다사59b63b,도봉구,서울특별시,101.1407776
다사58b61b,도봉구,서울특별시,101.0886627
다사48a54b,은평구,서울특별시,100.957396
다사45b47b,영등포구,서울특별시,100.8239196
다사55a52b,종로구,서울특별시,100.81681
다사61a48b,광진구,서울특별시,100.7947564
다사51b51b,서대문구,서울특별시,100.784896
다사57a61b,도봉구,서울특별시,100.7056156
다사61a55b,동대문구,서울특별시,100.5918676
다사48a52a,마포구,서울특별시,100.549572
다사40b48a,양천구,서울특별시,100.50675
다사65b41b,강남구,서울특별시,100.4833492
다사59a55a,성북구,서울특별시,100.4005264
다사50a42b,관악구,서울특별시,100.16126
다사49b41b,관악구,서울특별시,100.063092
다사61b63a,노원구,서울특별시,100.05802
다사63a53b,중랑구,서울특별시,99.997806
다사63a43b,강남구,서울특별시,99.875744
다사62a49a,광진구,서울특별시,99.859118
다사44a44b,구로구,서울특별시,99.4709408
다사48a43b,동작구,서울특별시,99.39909488
다사70b51a,강동구,서울특별시,99.3108992
다사56a54b,성북구,서울특별시,99.284336
다사61a56b,성북구,서울특별시,99.275584
다사47b54b,은평구,서울특별시,99.23048
다사57b40a,서초구,서울특별시,98.924202
다사41a47a,양천구,서울특별시,98.792874
다사58b63a,도봉구,서울특별시,98.646798
다사59b54a,동대문구,서울특별시,98.3206396
다사67b50b,강동구,서울특별시,98.25975412
다사64a50a,광진구,서울특별시,97.976904
다사50a54b,서대문구,서울특별시,97.8901548
다사49b60b,은평구,서울특별시,97.54114928
다사48b44a,동작구,서울특별시,97.427954
다사59b56b,성북구,서울특별시,97.3346016
다사59a41a,서초구,서울특별시,97.3093804
다사57a58a,강북구,서울특별시,97.192232
다사60a48b,성동구,서울특별시,96.3212784
다사47b57b,은평구,서울특별시,96.298176
다사49b53a,서대문구,서울특별시,96.28441292
다사49b58a,은평구,서울특별시,96.244632
다사48b60b,은평구,서울특별시,95.598432
다사48b45a,영등포구,서울특별시,95.48978
다사61a63a,노원구,서울특별시,95.445148
다사56b58a,강북구,서울특별시,95.186584
다사41a47b,양천구,서울특별시,95.153916
다사50b41a,관악구,서울특별시,95.0984608
다사48a45b,영등포구,서울특별시,94.989484
다사61b43a,강남구,서울특별시,94.97740808
다사52a50b,마포구,서울특별시,94.95777676
다사59a61a,도봉구,서울특별시,94.9110804
다사48b58b,은평구,서울특별시,94.890596
다사50a40b,관악구,서울특별시,94.783976
다사65b47b,송파구,서울특별시,94.645568
다사45b48b,양천구,서울특별시,94.541336
다사46a40b,금천구,서울특별시,94.50211072
다사60a42a,강남구,서울특별시,94.4610536
다사50a57b,은평구,서울특별시,94.387248
다사57b54a,성북구,서울특별시,94.12498364
다사59a52a,성동구,서울특별시,94.045672
다사46a46a,영등포구,서울특별시,93.9959928
다사40b44a,구로구,서울특별시,93.993618
다사63b57b,중랑구,서울특별시,93.94968214
다사49a59b,은평구,서울특별시,93.896658
다사71a49b,강동구,서울특별시,93.834683
다사54b49a,용산구,서울특별시,93.794388
다사42b44b,구로구,서울특별시,93.737524
다사59a59a,강북구,서울특별시,93.7136108
다사46a48a,영등포구,서울특별시,93.567572
다사61a60b,노원구,서울특별시,93.298736
다사48a46b,영등포구,서울특별시,93.23622184
다사53a53a,종로구,서울특별시,92.858872
다사54a53a,종로구,서울특별시,92.63526
다사60a58a,성북구,서울특별시,92.471554
다사44b49a,양천구,서울특별시,92.3073632
다사59a54b,성북구,서울특별시,92.305708
다사59b57b,성북구,서울특별시,92.213546
다사51b45b,동작구,서울특별시,92.1676636
다사47b56b,은평구,서울특별시,92.075168
다사68b43a,송파구,서울특별시,92.0011788
다사60b53b,동대문구,서울특별시,91.999396
다사61b50a,성동구,서울특별시,91.9596
다사48a41b,관악구,서울특별시,91.817536
다사41a46a,양천구,서울특별시,91.6566168
다사61b58a,노원구,서울특별시,91.5231684
다사49a50a,마포구,서울특별시,91.3459516
다사68b44b,송파구,서울특별시,91.218254
다사40b51b,강서구,서울특별시,91.115672
다사47b51b,마포구,서울특별시,91.0796548
다사60b42b,강남구,서울특별시,91.0487376
다사54b49b,용산구,서울특별시,91.046672
다사59b65a,도봉구,서울특별시,91.0409544
다사40a42b,구로구,서울특별시,91.033112
다사65a49b,광진구,서울특별시,90.942064
다사65a50a,광진구,서울특별시,90.8071808
다사56a51a,중구,서울특별시,90.26821488
다사62a55a,중랑구,서울특별시,89.8985284
다사44b46a,양천구,서울특별시,89.844928
다사56a47b,용산구,서울특별시,89.755218
다사49b40b,관악구,서울특별시,89.712044
다사47b40a,금천구,서울특별시,89.44944192
다사61a53b,동대문구,서울특별시,89.237572
다사62a45a,송파구,서울특별시,89.1902724
다사55b57a,성북구,서울특별시,88.918348
다사49b59b,은평구,서울특별시,88.8935288
다사63b42b,강남구,서울특별시,88.3078
다사48a59b,은평구,서울특별시,87.731016
다사59a53b,동대문구,서울특별시,87.537936
다사65a47a,송파구,서울특별시,87.374564
다사62a57b,노원구,서울특별시,87.32700712
다사46b39a,금천구,서울특별시,87.322448
다사44a45b,양천구,서울특별시,87.1992796
다사68a44a,송파구,서울특별시,87.16764
다사63a58b,노원구,서울특별시,87.0135368
다사67b44b,송파구,서울특별시,86.953764
다사52a44b,동작구,서울특별시,86.67654896
다사50a42a,관악구,서울특별시,86.462732
다사50a51a,서대문구,서울특별시,86.45763
다사67a46a,송파구,서울특별시,86.3095816
다사50a55b,은평구,서울특별시,86.3071436
다사59b64b,도봉구,서울특별시,86.2935908
다사55a54a,종로구,서울특별시,86.272668
다사55b54b,종로구,서울특별시,86.047284
다사60b61a,노원구,서울특별시,85.237424
다사44a46b,양천구,서울특별시,85.069312
다사69b51a,강동구,서울특별시,85.058984
다사62a51b,동대문구,서울특별시,84.6972328
다사48a45a,영등포구,서울특별시,84.6219
다사40a48b,양천구,서울특별시,84.404138
다사64a41b,강남구,서울특별시,84.27616308
다사64b56b,중랑구,서울특별시,83.8183108
다사62a54b,중랑구,서울특별시,83.630976
다사58b40b,서초구,서울특별시,83.546686
다사61a58b,노원구,서울특별시,83.307408
다사60a59a,노원구,서울특별시,82.99798
다사49a42a,관악구,서울특별시,82.957078
다사56a50a,중구,서울특별시,82.874864
다사47a46a,영등포구,서울특별시,82.8748444
다사48b48a,영등포구,서울특별시,82.784476
다사45a43a,구로구,서울특별시,82.599256
다사70b49b,강동구,서울특별시,82.427296
다사64b40a,강남구,서울특별시,82.362728
다사49a48a,영등포구,서울특별시,82.097524
다사57b61a,도봉구,서울특별시,81.939452
다사62b47b,광진구,서울특별시,81.9197908
다사49a55a,은평구,서울특별시,81.91628516
다사52b41a,관악구,서울특별시,81.797148
다사52a47a,용산구,서울특별시,81.78638
다사39a53b,강서구,서울특별시,81.63532652
다사49b61a,은평구,서울특별시,81.469464
다사60a62b,도봉구,서울특별시,81.2545992
다사46a52b,마포구,서울특별시,81.181524
다사41a43a,구로구,서울특별시,81.1399468
다사48a49b,마포구,서울특별시,81.135528
다사61a39a,서초구,서울특별시,80.800708
다사67b43a,송파구,서울특별시,80.7304444
다사56b60a,강북구,서울특별시,80.68338
다사60b58b,노원구,서울특별시,80.4893232
다사47b39b,금천구,서울특별시,80.4042852
다사64b49b,광진구,서울특별시,80.35485
다사48b49b,마포구,서울특별시,79.9708776
다사47b40b,금천구,서울특별시,79.942328
다사38b52a,강서구,서울특별시,79.9023576
다사42b45a,구로구,서울특별시,79.672494
다사49b59a,은평구,서울특별시,79.58674
다사62a56b,중랑구,서울특별시,79.44760776
다사49b55b,은평구,서울특별시,79.219
다사62b42b,강남구,서울특별시,79.19683
다사71a52a,강동구,서울특별시,79.154764
다사43a49b,강서구,서울특별시,79.051436
다사57a39b,서초구,서울특별시,78.90421852
다사53a56b,종로구,서울특별시,78.685904
다사40a43b,구로구,서울특별시,78.55847428
다사55b47a,용산구,서울특별시,78.417692
다사58b58b,강북구,서울특별시,78.36516
다사51b53b,서대문구,서울특별시,78.335144
다사56a54a,종로구,서울특별시,78.327712
다사49b57b,은평구,서울특별시,78.193914
다사65b48a,송파구,서울특별시,78.125548
다사45a44a,구로구,서울특별시,77.8836256
다사60b60b,도봉구,서울특별시,77.803728
다사50a54a,서대문구,서울특별시,77.7670652
다사64b43b,강남구,서울특별시,77.472488
다사68a45a,송파구,서울특별시,77.06713552
다사51a55b,서대문구,서울특별시,77.062624
다사57b62a,도봉구,서울특별시,77.0098056
다사68a43b,송파구,서울특별시,76.9380524
다사47a44b,영등포구,서울특별시,76.8912096
다사51b45a,동작구,서울특별시,76.8395964
다사45a47a,영등포구,서울특별시,76.77287996
다사53b56b,종로구,서울특별시,76.6694232
다사50a49a,마포구,서울특별시,76.622912
다사61b46a,강남구,서울특별시,76.39866
다사49a58b,은평구,서울특별시,76.33862
다사58a42b,서초구,서울특별시,76.1388116
다사49a59a,은평구,서울특별시,76.0489624
다사55b45a,서초구,서울특별시,76.006388
다사62b43a,강남구,서울특별시,75.9819
다사50b41b,관악구,서울특별시,75.7900772
다사56b53a,종로구,서울특별시,75.589964
다사54a50a,용산구,서울특별시,75.573208
다사49a40b,관악구,서울특별시,75.5067572
다사57a53a,종로구,서울특별시,75.1605816
다사59b50a,성동구,서울특별시,75.06956
다사58b58a,강북구,서울특별시,74.929368
다사45a48a,양천구,서울특별시,74.78768
다사59a40b,서초구,서울특별시,74.782368
다사58a62b,도봉구,서울특별시,74.727212
다사65b50b,광진구,서울특별시,74.672884
다사59b51b,성동구,서울특별시,74.6684748
다사63b58a,노원구,서울특별시,74.5778452
다사67b47a,강동구,서울특별시,74.569976
다사50a56b,은평구,서울특별시,74.52907892
다사42b46b,양천구,서울특별시,74.393708
다사62a57a,중랑구,서울특별시,74.355352
다사54b53b,종로구,서울특별시,74.351236
다사60b58a,노원구,서울특별시,73.978656
다사45b54a,마포구,서울특별시,73.929464
다사59b50b,성동구,서울특별시,72.952584
다사63a56a,중랑구,서울특별시,72.927612
다사63a63a,노원구,서울특별시,72.2732
다사54b48b,용산구,서울특별시,71.975088
다사39a50a,강서구,서울특별시,71.853952
다사39b44a,구로구,서울특별시,71.737396
다사57b47b,강남구,서울특별시,71.615336
다사58a41a,서초구,서울특별시,71.515044
다사45a43b,구로구,서울특별시,71.297524
다사61a63b,노원구,서울특별시,71.218256
다사61b54a,동대문구,서울특별시,71.1555088
다사61a51a,성동구,서울특별시,71.1550196
다사39b50b,강서구,서울특별시,71.133114
다사60b39a,서초구,서울특별시,70.9098776
다사60a42b,강남구,서울특별시,70.86662
다사59b48b,성동구,서울특별시,70.75617436
다사47b48a,영등포구,서울특별시,70.676736
다사55a42a,서초구,서울특별시,70.4552128
다사63b56a,중랑구,서울특별시,70.42657732
다사51a46a,동작구,서울특별시,70.416068
다사62a55b,동대문구,서울특별시,70.3566892
다사60a60b,도봉구,서울특별시,70.330416
다사50b48b,마포구,서울특별시,70.2080992
다사53a45a,동작구,서울특별시,69.941004
다사43a45b,구로구,서울특별시,69.718484
다사58b41b,서초구,서울특별시,69.711164
다사48a58b,은평구,서울특별시,69.618168
다사50a52b,서대문구,서울특별시,69.3869992
다사67a44b,송파구,서울특별시,69.053478
다사57a62a,도봉구,서울특별시,69.0283816
다사41b43a,구로구,서울특별시,68.975994
다사59b64a,도봉구,서울특별시,68.7067512
다사46b51a,마포구,서울특별시,68.6989796
다사42b49a,강서구,서울특별시,68.6400296
다사63b57a,중랑구,서울특별시,68.617924
다사47a48b,영등포구,서울특별시,68.568876
다사50a59b,은평구,서울특별시,68.536564
다사50a47a,영등포구,서울특별시,68.350892
다사60b38b,서초구,서울특별시,68.13260744
다사70a50a,강동구,서울특별시,68.115376
다사58b48a,강남구,서울특별시,68.099592
다사52a41b,관악구,서울특별시,67.609864
다사55a41b,서초구,서울특별시,67.30468676
다사40b44b,구로구,서울특별시,67.304548
다사59a41b,서초구,서울특별시,67.2291544
다사50b46b,영등포구,서울특별시,67.199916
다사67b46b,송파구,서울특별시,67.116906
다사52a56a,종로구,서울특별시,67.05364
다사59b55b,성북구,서울특별시,66.95692
다사69b43b,송파구,서울특별시,66.829194
다사50a53b,서대문구,서울특별시,66.79436
다사46b52a,마포구,서울특별시,66.73164
다사69a49b,강동구,서울특별시,66.655206
다사57a61a,도봉구,서울특별시,66.5779452
다사51b56a,서대문구,서울특별시,66.43378
다사60a64a,도봉구,서울특별시,66.3058272
다사42a45b,양천구,서울특별시,66.116248
다사61b53b,동대문구,서울특별시,66.1135044
다사71b50a,강동구,서울특별시,66.061432
다사40b47a,양천구,서울특별시,65.91874
다사60a50b,성동구,서울특별시,65.904068
다사41b42a,구로구,서울특별시,65.828776
다사58b54b,성북구,서울특별시,65.774064
다사48b52a,서대문구,서울특별시,65.487674
다사64a46b,송파구,서울특별시,65.38606
다사50a52a,서대문구,서울특별시,64.947892
다사51a53b,서대문구,서울특별시,64.92528776
다사60b57b,성북구,서울특별시,64.8321012
다사60b65a,노원구,서울특별시,64.782044
다사56b42a,서초구,서울특별시,64.59928
다사62a43b,강남구,서울특별시,64.53776
다사49b45a,동작구,서울특별시,64.521742
다사65a56a,중랑구,서울특별시,64.45494
다사68b42b,송파구,서울특별시,64.408468
다사59b53a,동대문구,서울특별시,64.3391428
다사60a51b,성동구,서울특별시,64.307862
다사60b55b,동대문구,서울특별시,63.990274
다사49a52b,서대문구,서울특별시,63.95948
다사62a56a,중랑구,서울특별시,63.7528072
다사49a40a,관악구,서울특별시,63.5420348
다사53a50b,중구,서울특별시,63.337568
다사71a51a,강동구,서울특별시,63.184108
다사59a57b,강북구,서울특별시,63.1811856
다사61b56b,성북구,서울특별시,63.067212
다사63a63b,노원구,서울특별시,63.04124
다사40b50a,강서구,서울특별시,62.88746
다사63a44b,송파구,서울특별시,62.50733
다사69a44b,송파구,서울특별시,62.2547012
다사52b53b,종로구,서울특별시,61.125936
다사42a42b,구로구,서울특별시,61.0711076
다사55a47b,용산구,서울특별시,60.890618
다사69a43b,송파구,서울특별시,60.388294
다사40b52b,강서구,서울특별시,60.298616
다사38b51b,강서구,서울특별시,60.188272
다사59b58a,강북구,서울특별시,60.1800908
다사47a53b,은평구,서울특별시,59.910088
다사49b53b,서대문구,서울특별시,59.653772
다사56b59b,강북구,서울특별시,59.50333
다사59b55a,동대문구,서울특별시,59.4622064
다사62a45b,송파구,서울특별시,59.4019652
다사62b60a,노원구,서울특별시,59.371658
다사63b51b,광진구,서울특별시,58.966332
다사71a52b,강동구,서울특별시,58.800212
다사56a46a,서초구,서울특별시,58.561492
다사64a42b,강남구,서울특별시,58.28461308
다사53a54a,종로구,서울특별시,58.148952
다사62b60b,노원구,서울특별시,57.385036
다사62a44a,강남구,서울특별시,56.80678
다사65a43a,강남구,서울특별시,56.705932
다사62a54a,중랑구,서울특별시,56.552848
다사58a49b,성동구,서울특별시,56.460784
다사56b46b,서초구,서울특별시,56.20456
다사56a49a,용산구,서울특별시,56.1279136
다사48b42a,관악구,서울특별시,55.944286
다사55b43b,서초구,서울특별시,55.643576
다사62a43a,강남구,서울특별시,55.601676
다사49a46a,영등포구,서울특별시,55.56135104
다사49b52b,서대문구,서울특별시,55.5420264
다사60a57b,성북구,서울특별시,55.225794
다사40a44a,구로구,서울특별시,55.093784
다사47a54a,은평구,서울특별시,55.0933952
다사65b57a,중랑구,서울특별시,54.539928
다사57b61b,도봉구,서울특별시,54.359596
다사53b49b,용산구,서울특별시,54.2847288
다사37b51b,강서구,서울특별시,54.221716
다사62b44a,강남구,서울특별시,54.074788
다사55a54b,종로구,서울특별시,53.96758
다사63b52b,중랑구,서울특별시,53.90211608
다사52b56a,종로구,서울특별시,53.737596
다사42b49b,강서구,서울특별시,53.710688
다사65b57b,중랑구,서울특별시,53.39724
다사52a56b,종로구,서울특별시,53.365544
다사51b52b,서대문구,서울특별시,53.3347764
다사62b50a,광진구,서울특별시,53.20956
다사52b56b,종로구,서울특별시,53.09975
다사43a50a,강서구,서울특별시,53.09494444
다사47a53a,서대문구,서울특별시,53.033284
다사46b53b,은평구,서울특별시,52.91926
다사67b42a,송파구,서울특별시,52.88134
다사64a53a,중랑구,서울특별시,52.86589748
다사55a55a,성북구,서울특별시,52.417808
다사50a46a,동작구,서울특별시,52.41204
다사71b50b,강동구,서울특별시,52.38212796
다사52b55a,종로구,서울특별시,52.16312
다사51a48a,용산구,서울특별시,52.162264
다사58a40a,서초구,서울특별시,52.098756
다사67b45b,송파구,서울특별시,51.75282284
다사57a48b,용산구,서울특별시,51.691896
다사48b38b,금천구,서울특별시,51.562148
다사50a55a,서대문구,서울특별시,51.519096
다사60b57a,성북구,서울특별시,51.4125
다사51b47b,용산구,서울특별시,51.407298
다사55b55a,성북구,서울특별시,50.935044
다사47b38b,금천구,서울특별시,50.79052
다사49a52a,서대문구,서울특별시,50.7827512
다사60b50a,성동구,서울특별시,50.74497332
다사56a49b,용산구,서울특별시,50.443244
다사55b56b,성북구,서울특별시,50.322428
다사51a50b,마포구,서울특별시,50.25734184
다사48b40b,관악구,서울특별시,49.8751824
다사41a43b,구로구,서울특별시,48.836284
다사62a51a,성동구,서울특별시,48.45213916
다사40a49a,양천구,서울특별시,48.258392
다사52a55b,종로구,서울특별시,48.216612
다사54a53b,종로구,서울특별시,48.07254
다사54a50b,중구,서울특별시,47.92974
다사57b41a,서초구,서울특별시,47.488784
다사53b57a,종로구,서울특별시,47.185892
다사50b40b,관악구,서울특별시,47.05946
다사50a58b,은평구,서울특별시,47.027612
다사64b48b,광진구,서울특별시,46.91238
다사65b50a,강동구,서울특별시,46.829436
다사53a41a,관악구,서울특별시,46.699952
다사56b55a,성북구,서울특별시,46.6589572
다사52b45b,동작구,서울특별시,46.551684
다사51a52a,서대문구,서울특별시,46.379012
다사55b57b,성북구,서울특별시,46.354092
다사53b53a,종로구,서울특별시,46.248344
다사62b53a,중랑구,서울특별시,45.9233188
다사39b42a,구로구,서울특별시,45.8916646
다사45a46b,영등포구,서울특별시,45.830672
다사40a43a,구로구,서울특별시,45.622268
다사64a40b,강남구,서울특별시,45.539472
다사49a41a,관악구,서울특별시,45.138532
다사49b58b,은평구,서울특별시,45.117744
다사63b52a,광진구,서울특별시,44.855376
다사56b62b,강북구,서울특별시,44.73704
다사67a46b,송파구,서울특별시,44.7313552
다사56b39b,서초구,서울특별시,44.6347512
다사71a50b,강동구,서울특별시,44.60504
다사62b59b,노원구,서울특별시,44.545336
다사60a56a,성북구,서울특별시,43.932036
다사48a47b,영등포구,서울특별시,43.666712
다사58a61b,도봉구,서울특별시,43.605344
다사45a49b,양천구,서울특별시,43.224594
다사52b42b,동작구,서울특별시,43.1169026
다사51b41b,관악구,서울특별시,43.07768
다사55b41b,서초구,서울특별시,43.02248
다사54b45a,서초구,서울특별시,42.97546
다사51a56a,서대문구,서울특별시,42.93409
다사51b46a,동작구,서울특별시,42.9275
다사69b49b,강동구,서울특별시,42.887798
다사57b41b,서초구,서울특별시,42.865524
다사51b55a,서대문구,서울특별시,42.75048
다사54b41b,서초구,서울특별시,42.6766436
다사46a39b,금천구,서울특별시,42.60782
다사43b51b,강서구,서울특별시,42.580592
다사63a49b,광진구,서울특별시,42.2770388
다사65a49a,광진구,서울특별시,42.220304
다사47a37b,금천구,서울특별시,42.1890056
다사57b49a,성동구,서울특별시,42.1416128
다사57a47a,서초구,서울특별시,41.90444
다사56a44a,서초구,서울특별시,41.80474
다사64a51a,광진구,서울특별시,41.596016
다사67b42b,송파구,서울특별시,41.38524
다사60b61b,노원구,서울특별시,41.18868
다사62b63b,노원구,서울특별시,41.157488
다사60b51a,성동구,서울특별시,41.00498
다사46b54a,은평구,서울특별시,40.8973864
다사45b53a,마포구,서울특별시,40.820696
다사46b49a,영등포구,서울특별시,40.7762156
다사59b60a,도봉구,서울특별시,40.772746
다사56a55b,성북구,서울특별시,40.431116
다사63b41b,강남구,서울특별시,40.288388
다사64b54a,중랑구,서울특별시,40.153376
다사45a50a,영등포구,서울특별시,39.98134
다사60b39b,서초구,서울특별시,39.729884
다사62b53b,중랑구,서울특별시,39.197882
다사61a48a,광진구,서울특별시,39.016076
다사53b48b,용산구,서울특별시,38.868512
다사65a41a,강남구,서울특별시,38.8273214
다사52b46b,용산구,서울특별시,38.604676
다사55b45b,서초구,서울특별시,38.53764
다사50a60a,은평구,서울특별시,38.086464
다사59b59b,도봉구,서울특별시,37.788032
다사55a50b,중구,서울특별시,37.767028
다사40b43b,구로구,서울특별시,37.299266
다사57a42a,서초구,서울특별시,36.887904
다사47a54b,은평구,서울특별시,36.88660936
다사45b48a,양천구,서울특별시,36.236652
다사49b49a,마포구,서울특별시,36.206872
다사45a46a,구로구,서울특별시,36.125856
다사50b53b,서대문구,서울특별시,36.017868
다사40b45b,양천구,서울특별시,35.83562
다사46b50b,마포구,서울특별시,35.725056
다사52b55b,종로구,서울특별시,35.473008
다사65a60a,노원구,서울특별시,35.411004
다사51b53a,서대문구,서울특별시,35.3894112
다사60a41a,서초구,서울특별시,35.34968
다사40b46b,양천구,서울특별시,35.34278
다사49a41b,관악구,서울특별시,35.331556
다사48b46b,영등포구,서울특별시,35.095032
다사60b55a,동대문구,서울특별시,35.08432
다사52b53a,종로구,서울특별시,35.069248
다사56a55a,성북구,서울특별시,34.776928
다사41b45a,구로구,서울특별시,34.598616
다사59a48a,강남구,서울특별시,34.41466
다사63b42a,강남구,서울특별시,34.102132
다사56b61b,강북구,서울특별시,34.0876592
다사64a41a,강남구,서울특별시,34.07401852
다사47b41a,금천구,서울특별시,33.95534
다사40b43a,구로구,서울특별시,33.6824204
다사56b62a,강북구,서울특별시,33.497192
다사56a50b,중구,서울특별시,33.489136
다사58b42a,서초구,서울특별시,33.3571
다사53a54b,종로구,서울특별시,33.2696524
다사60b60a,도봉구,서울특별시,33.20630372
다사44a51a,강서구,서울특별시,33.059576
다사69a48b,강동구,서울특별시,33.015908
다사53a57a,종로구,서울특별시,32.766144
다사48a38b,금천구,서울특별시,32.52427
다사60b62a,노원구,서울특별시,32.244236
다사66a46b,송파구,서울특별시,31.919612
다사56a57a,성북구,서울특별시,31.885982
다사64a48a,광진구,서울특별시,31.734612
다사58b59a,강북구,서울특별시,31.6434806
다사54a54a,종로구,서울특별시,31.583494
다사49b54a,서대문구,서울특별시,31.549776
다사63a43a,강남구,서울특별시,31.403
다사56b61a,강북구,서울특별시,31.379616
다사42a43b,구로구,서울특별시,31.320196
다사55b50a,중구,서울특별시,31.268312
다사64a44a,송파구,서울특별시,31.195692
다사56b59a,강북구,서울특별시,31.058022
다사47b38a,금천구,서울특별시,30.992108
다사55a55b,성북구,서울특별시,30.898096
다사58a41b,서초구,서울특별시,30.828748
다사61a47a,강남구,서울특별시,30.806392
다사51b47a,용산구,서울특별시,30.416288
다사66a49a,강동구,서울특별시,30.293692
다사64b44a,송파구,서울특별시,30.20562
다사59b60b,도봉구,서울특별시,30.185124
다사61a64a,노원구,서울특별시,29.98361104
다사58b41a,서초구,서울특별시,29.585464
다사65a57a,중랑구,서울특별시,29.35772
다사47a56a,은평구,서울특별시,29.129328
다사66b46a,송파구,서울특별시,28.756024
다사44a45a,구로구,서울특별시,28.639368
다사41a45b,양천구,서울특별시,28.566504
다사39a50b,강서구,서울특별시,28.4694408
다사60a59b,노원구,서울특별시,28.437412
다사47b41b,금천구,서울특별시,28.274468
다사65a40b,강남구,서울특별시,28.16923124
다사39b53b,강서구,서울특별시,28.0954586
다사38b53a,강서구,서울특별시,27.992764
다사59a49b,성동구,서울특별시,27.953144
다사51b54a,서대문구,서울특별시,27.453396
다사49b60a,은평구,서울특별시,27.3875
다사63a50a,광진구,서울특별시,27.344492
다사65b55b,중랑구,서울특별시,27.292052
다사39b50a,강서구,서울특별시,27.163736
다사65b56a,중랑구,서울특별시,26.978868
다사52b44b,동작구,서울특별시,26.937752
다사48a40a,관악구,서울특별시,26.882516
다사54b55a,성북구,서울특별시,26.672284
다사41a45a,양천구,서울특별시,26.64478
다사65a59b,노원구,서울특별시,26.465176
다사41a52a,강서구,서울특별시,26.193788
다사61a43a,강남구,서울특별시,25.652892
다사56a60b,강북구,서울특별시,25.492628
다사60b41b,강남구,서울특별시,25.32104
다사48a40b,관악구,서울특별시,25.143808
다사41a42b,구로구,서울특별시,25.085156
다사52a57a,종로구,서울특별시,24.864476
다사52b54b,종로구,서울특별시,24.77352
다사56b58b,강북구,서울특별시,24.656462
다사61b39b,서초구,서울특별시,24.3492668
다사63a44a,강남구,서울특별시,24.306428
다사48a47a,영등포구,서울특별시,24.261252
다사47a55b,은평구,서울특별시,24.034704
다사49a60a,은평구,서울특별시,24.031012
다사53b44a,동작구,서울특별시,23.6627756
다사70a49b,강동구,서울특별시,23.530408
다사60b47b,강남구,서울특별시,23.258888
다사59a58a,강북구,서울특별시,22.954721
다사45a53a,마포구,서울특별시,22.797168
다사59b65b,도봉구,서울특별시,22.5593564
다사64b41a,강남구,서울특별시,22.525476
다사51b55b,종로구,서울특별시,22.458316
다사59a63b,도봉구,서울특별시,22.344332
다사64b50a,광진구,서울특별시,22.2098
다사54b41a,서초구,서울특별시,22.176836
다사55b56a,성북구,서울특별시,22.158088
다사64a43b,강남구,서울특별시,22.067524
다사54a44b,동작구,서울특별시,22.0529
다사63a42a,강남구,서울특별시,21.7406
다사53b48a,용산구,서울특별시,21.380432
다사46b52b,마포구,서울특별시,21.29474
다사59b54b,동대문구,서울특별시,21.282544
다사57a62b,강북구,서울특별시,21.17457
다사56a60a,강북구,서울특별시,21.001608
다사55b55b,성북구,서울특별시,20.777552
다사49b55a,은평구,서울특별시,20.750812
다사47a55a,은평구,서울특별시,20.529652
다사37b49b,강서구,서울특별시,20.450716
다사52b43b,동작구,서울특별시,20.346012
다사55a46b,용산구,서울특별시,20.29287224
다사68a43a,송파구,서울특별시,20.2872992
다사61b42a,강남구,서울특별시,20.1964796
다사63a56b,중랑구,서울특별시,20.0602436
다사64a57b,중랑구,서울특별시,20.033088
다사70b51b,강동구,서울특별시,20.017356
다사44b45b,양천구,서울특별시,19.8428338
다사47a50a,마포구,서울특별시,19.616376
다사61b46b,강남구,서울특별시,19.5874656
다사65b42a,강남구,서울특별시,19.584732
다사62b49a,광진구,서울특별시,19.565568
다사49b40a,관악구,서울특별시,19.34612
다사66a41a,강남구,서울특별시,19.225028
다사65b56b,중랑구,서울특별시,19.208492
다사59a50a,성동구,서울특별시,19.17922
다사52b57a,종로구,서울특별시,19.005744
다사64a58b,노원구,서울특별시,19.0018816
다사50b55b,서대문구,서울특별시,18.9998604
다사68a42b,송파구,서울특별시,18.80371508
다사43a49a,강서구,서울특별시,18.6604656
다사65b42b,송파구,서울특별시,18.6591816
다사56b47b,용산구,서울특별시,18.569272
다사66b50b,강동구,서울특별시,18.456228
다사53b47a,용산구,서울특별시,18.4500744
다사42a46a,양천구,서울특별시,18.352452
다사64b57a,중랑구,서울특별시,18.2319688
다사64a43a,강남구,서울특별시,18.102284
다사48b39b,금천구,서울특별시,18.0407132
다사69a49a,강동구,서울특별시,18.029388
다사46a54a,은평구,서울특별시,17.91184
다사41b53a,강서구,서울특별시,17.8766828
다사48a41a,관악구,서울특별시,17.854772
다사50a43b,관악구,서울특별시,17.710548
다사54a45a,서초구,서울특별시,17.673848
다사50a58a,은평구,서울특별시,17.6556972
다사65b48b,송파구,서울특별시,17.581144
다사66b47a,송파구,서울특별시,17.49238
다사41a44b,구로구,서울특별시,17.464544
다사43a52a,강서구,서울특별시,17.132524
다사55a53a,종로구,서울특별시,17.131548
다사59a40a,서초구,서울특별시,16.6518
다사62a63a,노원구,서울특별시,16.607896
다사54b48a,용산구,서울특별시,16.52314
다사58a42a,서초구,서울특별시,16.4483252
다사53a56a,종로구,서울특별시,16.342968
다사62a44b,강남구,서울특별시,16.205672
다사63a59a,노원구,서울특별시,16.180416
다사48a60b,은평구,서울특별시,16.044836
다사61b50b,성동구,서울특별시,15.829968
다사58a54b,성북구,서울특별시,15.3263612
다사45a52b,마포구,서울특별시,15.163436
다사63b59b,노원구,서울특별시,14.983592
다사68a46b,강동구,서울특별시,14.9722512
다사38a53a,강서구,서울특별시,14.840842
다사47b58a,은평구,서울특별시,14.720978
다사40a49b,강서구,서울특별시,14.38928
다사48a59a,은평구,서울특별시,14.28086
다사40b45a,구로구,서울특별시,13.882312
다사45a47b,양천구,서울특별시,13.839
다사66a47a,송파구,서울특별시,13.829632
다사52a47b,용산구,서울특별시,13.744148
다사54b54a,종로구,서울특별시,13.686976
다사54b40b,서초구,서울특별시,13.62083
다사44a44a,구로구,서울특별시,13.5787844
다사51b57a,종로구,서울특별시,13.5755588
다사45b54b,은평구,서울특별시,13.46836516
다사68a46a,송파구,서울특별시,13.139476
다사51a41b,관악구,서울특별시,13.045836
다사55b49a,용산구,서울특별시,13.01592
다사54a41a,관악구,서울특별시,12.989292
다사45b49b,영등포구,서울특별시,12.972796
다사65a55a,중랑구,서울특별시,12.883788
다사61a42a,강남구,서울특별시,12.7659844
다사52b54a,종로구,서울특별시,12.757076
다사63a61b,노원구,서울특별시,12.688224
다사61b39a,서초구,서울특별시,12.459692
다사54a49a,용산구,서울특별시,12.3347168
다사64a42a,강남구,서울특별시,11.86534908
다사60a40b,서초구,서울특별시,11.8080216
다사63b47b,광진구,서울특별시,11.608996
다사65b59b,노원구,서울특별시,11.5238
다사38a53b,강서구,서울특별시,11.374132
다사60a65b,도봉구,서울특별시,11.018068
다사55a56b,성북구,서울특별시,10.955404
다사51b52a,서대문구,서울특별시,10.842248
다사45b49a,영등포구,서울특별시,10.78702
다사38a52a,강서구,서울특별시,10.763156
다사60b56a,성북구,서울특별시,10.64854092
다사66b41a,송파구,서울특별시,10.551108
다사54b55b,성북구,서울특별시,10.332588
다사64a49b,광진구,서울특별시,10.30558
다사51b56b,종로구,서울특별시,10.1379
다사48a48a,영등포구,서울특별시,10.080692
다사54b47a,용산구,서울특별시,10.015356
다사47a57a,은평구,서울특별시,9.796512
다사41a52b,강서구,서울특별시,9.7150788
다사50b60a,은평구,서울특별시,9.507468
다사51b54b,서대문구,서울특별시,9.472912
다사57a40b,서초구,서울특별시,9.42714
다사64b59b,노원구,서울특별시,9.40856
다사62a47b,광진구,서울특별시,9.406532
다사68a51a,강동구,서울특별시,9.39426
다사66b46b,송파구,서울특별시,9.35284
다사63b43a,강남구,서울특별시,9.30912
다사64b42b,강남구,서울특별시,8.99882
다사58b63b,도봉구,서울특별시,8.830024
다사58a55a,성북구,서울특별시,8.821176
다사48a39b,금천구,서울특별시,8.8003
다사65b43b,송파구,서울특별시,8.61347184
다사53b57b,종로구,서울특별시,8.441236
다사69b44b,송파구,서울특별시,8.438744
다사64b57b,중랑구,서울특별시,8.431332
다사46b51b,마포구,서울특별시,8.284378
다사67b51a,강동구,서울특별시,8.224972
다사53b44b,동작구,서울특별시,8.20254
다사57a40a,서초구,서울특별시,7.941608
다사54b50a,용산구,서울특별시,7.845528
다사59a65a,도봉구,서울특별시,7.839968
다사63b40b,서초구,서울특별시,7.73688
다사38a54a,강서구,서울특별시,7.660632
다사58a63a,도봉구,서울특별시,7.60899
다사41a53a,강서구,서울특별시,7.567276
다사60a40a,서초구,서울특별시,7.519708
다사65b49b,강동구,서울특별시,7.51346
다사59b39a,서초구,서울특별시,7.457896
다사60b38a,서초구,서울특별시,7.3069656
다사63a60a,노원구,서울특별시,7.214668
다사51a62a,은평구,서울특별시,7.21308
다사51a61b,은평구,서울특별시,7.186352
다사70a51b,강동구,서울특별시,7.122748
다사49b54b,서대문구,서울특별시,7.0718
다사54a57a,종로구,서울특별시,6.935608
다사46a49b,영등포구,서울특별시,6.931144
다사55b49b,용산구,서울특별시,6.915864
다사60b42a,강남구,서울특별시,6.893168
다사63a62b,노원구,서울특별시,6.78898
다사59a64b,도봉구,서울특별시,6.76068
다사53b49a,용산구,서울특별시,6.747616
다사53a55a,종로구,서울특별시,6.707628
다사55b50b,중구,서울특별시,6.601524
다사60b48a,성동구,서울특별시,6.430192
다사48b43b,동작구,서울특별시,6.371096
다사67a41a,송파구,서울특별시,6.273592
다사47b49b,마포구,서울특별시,6.264164
다사65b59a,노원구,서울특별시,6.207016
다사52a54b,종로구,서울특별시,6.18934
다사40b47b,양천구,서울특별시,6.132168
다사50a59a,은평구,서울특별시,6.075956
다사65b41a,강남구,서울특별시,6.038452
다사38a49b,강서구,서울특별시,6.016092
다사66a56a,중랑구,서울특별시,5.8802792
다사47a49a,영등포구,서울특별시,5.807724
다사40a44b,구로구,서울특별시,5.717392
다사50b56b,은평구,서울특별시,5.642224
다사59b40a,서초구,서울특별시,5.576808
다사56b63a,강북구,서울특별시,5.463848
다사50b57a,은평구,서울특별시,5.418438
다사54a56b,종로구,서울특별시,5.213756
다사50b53a,서대문구,서울특별시,5.187152
다사50b61b,은평구,서울특별시,4.969216
다사60b40b,서초구,서울특별시,4.898076
다사71b49b,강동구,서울특별시,4.787496
다사50b52a,서대문구,서울특별시,4.734624
다사55a41a,서초구,서울특별시,4.683264
다사53b41a,관악구,서울특별시,4.654304
다사67b51b,강동구,서울특별시,4.607984
다사61a50a,성동구,서울특별시,4.359912
다사63b40a,서초구,서울특별시,4.277452
다사39a49b,강서구,서울특별시,4.250176
다사67a51a,강동구,서울특별시,4.197224
다사51a41a,관악구,서울특별시,4.185832
다사61b37a,서초구,서울특별시,4.1575
다사65a42b,강남구,서울특별시,4.051024
다사42b52b,강서구,서울특별시,4.014912
다사68a45b,송파구,서울특별시,3.931044
다사56a56a,성북구,서울특별시,3.818548
다사65a56b,중랑구,서울특별시,3.813008
다사54a54b,종로구,서울특별시,3.807652
다사52a55a,종로구,서울특별시,3.783856
다사52a46b,용산구,서울특별시,3.7396
다사70b52b,강동구,서울특별시,3.675944
다사64b50b,광진구,서울특별시,3.564928
다사65a44a,송파구,서울특별시,3.522688
다사40b42a,구로구,서울특별시,3.44632728
다사39b49b,강서구,서울특별시,3.434832
다사64b42a,강남구,서울특별시,3.3627616
다사56a41b,서초구,서울특별시,3.221296
다사69a48a,강동구,서울특별시,3.1922496
다사57b62b,도봉구,서울특별시,3.145936
다사62a39b,서초구,서울특별시,3.09884
다사64b47a,송파구,서울특별시,2.993784
다사45a52a,마포구,서울특별시,2.909044
다사67a41b,송파구,서울특별시,2.890876
다사51a52b,서대문구,서울특별시,2.884404
다사68a47a,강동구,서울특별시,2.880028
다사69b51b,강동구,서울특별시,2.854832
다사60b40a,서초구,서울특별시,2.82458
다사54a55a,성북구,서울특별시,2.563336
다사50a51b,서대문구,서울특별시,2.541032
다사37b53a,강서구,서울특별시,2.521244
다사56a59b,강북구,서울특별시,2.496968
다사62a40a,서초구,서울특별시,2.4887912
다사62b44b,강남구,서울특별시,2.475768
다사51a53a,서대문구,서울특별시,2.434416
다사61a64b,노원구,서울특별시,2.433328
다사59a39b,서초구,서울특별시,2.389844
다사66a40b,강남구,서울특별시,2.338172
다사60a39b,서초구,서울특별시,2.3222732
다사56b40a,서초구,서울특별시,2.299676
다사39a54a,강서구,서울특별시,2.263676
다사56a58a,성북구,서울특별시,2.222348
다사58b49b,성동구,서울특별시,2.190512
다사51b57b,종로구,서울특별시,2.094836
다사57b42a,서초구,서울특별시,2.061416
다사63b44a,강남구,서울특별시,2.037652
다사63a62a,노원구,서울특별시,2.01598
다사47b37b,금천구,서울특별시,2.005344
다사50b59b,은평구,서울특별시,1.974308
다사56a63b,강북구,서울특별시,1.947204
다사49b39b,관악구,서울특별시,1.808752
다사51b61b,은평구,서울특별시,1.807348
다사63b60a,노원구,서울특별시,1.807052
다사58b65a,도봉구,서울특별시,1.780444
다사56a61a,강북구,서울특별시,1.718036
다사68b47a,강동구,서울특별시,1.691724
다사54a57b,종로구,서울특별시,1.676464
다사51a59b,은평구,서울특별시,1.620676
다사54b50b,중구,서울특별시,1.597556
다사50b60b,은평구,서울특별시,1.536512
다사46a51b,마포구,서울특별시,1.504928
다사69b52a,강동구,서울특별시,1.499832
다사63b60b,노원구,서울특별시,1.4854
다사69a51b,강동구,서울특별시,1.480784
다사59a64a,도봉구,서울특별시,1.464016
다사69b49a,강동구,서울특별시,1.441616
다사68b51b,강동구,서울특별시,1.41516
다사35b51a,강서구,서울특별시,1.402812
다사50a61a,은평구,서울특별시,1.38928
다사62b39a,서초구,서울특별시,1.35432
다사65a54b,중랑구,서울특별시,1.329048
다사65b40b,강남구,서울특별시,1.299488
다사54a55b,성북구,서울특별시,1.291296
다사53a55b,종로구,서울특별시,1.227828
다사57a48a,강남구,서울특별시,1.158924
다사62b39b,서초구,서울특별시,1.061728
다사55a53b,종로구,서울특별시,1.033176
다사56b63b,강북구,서울특별시,0.999344
다사61b47b,광진구,서울특별시,0.990676
다사63a39a,서초구,서울특별시,0.989708
다사63b61a,노원구,서울특별시,0.964816
다사53b53b,종로구,서울특별시,0.916324
다사62b42a,강남구,서울특별시,0.907368
다사61b65a,노원구,서울특별시,0.89492
다사48a48b,영등포구,서울특별시,0.878084
다사70b52a,강동구,서울특별시,0.835008
다사53b54a,종로구,서울특별시,0.833364
다사51a61a,은평구,서울특별시,0.820704
다사37b49a,강서구,서울특별시,0.805956
다사59a65b,도봉구,서울특별시,0.800932
다사63b56b,중랑구,서울특별시,0.72864
다사61b37b,서초구,서울특별시,0.726756
다사70a52a,강동구,서울특별시,0.71032
다사63a40a,서초구,서울특별시,0.662244
다사55a56a,성북구,서울특별시,0.658324
다사54b61b,강북구,서울특별시,0.63829
다사56a62a,강북구,서울특별시,0.628248
다사65a43b,송파구,서울특별시,0.619028
다사57b66a,도봉구,서울특별시,0.602388
다사70b53a,강동구,서울특별시,0.564672
다사60a39a,서초구,서울특별시,0.532848
다사55b61b,강북구,서울특별시,0.528568
다사63a64a,노원구,서울특별시,0.525544
다사52b44a,동작구,서울특별시,0.503176
다사63a40b,서초구,서울특별시,0.478112
다사64a58a,노원구,서울특별시,0.463836
다사52a58b,종로구,서울특별시,0.457336
다사51b58a,종로구,서울특별시,0.440032
다사58b64a,도봉구,서울특별시,0.428704
다사55a45b,서초구,서울특별시,0.387308
다사61a38a,서초구,서울특별시,0.38156
다사38b53b,강서구,서울특별시,0.380136
다사52a57b,종로구,서울특별시,0.374072
다사63a41a,서초구,서울특별시,0.367264
다사55a58a,성북구,서울특별시,0.364892
다사66a41b,강남구,서울특별시,0.358136
다사45b52a,마포구,서울특별시,0.3358
다사55b58b,강북구,서울특별시,0.32954
다사36a50b,강서구,서울특별시,0.32432
다사57b64a,도봉구,서울특별시,0.296208
다사59b39b,서초구,서울특별시,0.294988
다사48a60a,은평구,서울특별시,0.29144
다사50b39b,관악구,서울특별시,0.279972
다사39b54a,강서구,서울특별시,0.27282
다사54b40a,서초구,서울특별시,0.26078
다사55a49b,용산구,서울특별시,0.242768
다사56a62b,강북구,서울특별시,0.241992
다사62b40a,서초구,서울특별시,0.239432
다사55a50a,중구,서울특별시,0.232512
다사63a46b,송파구,서울특별시,0.227108
다사55b63b,강북구,서울특별시,0.223096
다사63a39b,서초구,서울특별시,0.22254
다사53b58b,종로구,서울특별시,0.217304
다사40b42b,구로구,서울특별시,0.197684
다사55a58b,성북구,서울특별시,0.195924
다사40a45a,구로구,서울특별시,0.187936
다사56b41b,서초구,서울특별시,0.179696
다사55a40b,서초구,서울특별시,0.179488
다사69a47b,강동구,서울특별시,0.174976
다사49a39a,금천구,서울특별시,0.17366
다사51a40b,관악구,서울특별시,0.167016
다사45b52b,마포구,서울특별시,0.163152
다사60b37b,서초구,서울특별시,0.152728
다사45b51b,마포구,서울특별시,0.13104
다사63a38b,서초구,서울특별시,0.126084
다사63b39b,서초구,서울특별시,0.110376
다사60a48a,성동구,서울특별시,0.10948
다사55b60b,강북구,서울특별시,0.108176
다사51b40a,관악구,서울특별시,0.101304
다사56a63a,강북구,서울특별시,0.099468
다사61a50b,성동구,서울특별시,0.097536
다사64a62b,노원구,서울특별시,0.097484
다사55b41a,서초구,서울특별시,0.091968
다사52a46a,용산구,서울특별시,0.091088
다사58a65b,도봉구,서울특별시,0.088068
다사53b55b,종로구,서울특별시,0.087652
다사64a40a,강남구,서울특별시,0.0875
다사58a64a,도봉구,서울특별시,0.07962
다사36a51a,강서구,서울특별시,0.0792
다사59b38b,서초구,서울특별시,0.078728
다사63b64b,노원구,서울특별시,0.074352
다사58a64b,도봉구,서울특별시,0.065928
다사70a52b,강동구,서울특별시,0.06338
다사58b65b,도봉구,서울특별시,0.059768
다사37a49b,강서구,서울특별시,0.0592
다사61a40a,서초구,서울특별시,0.0528
다사62a42a,강남구,서울특별시,0.05162
다사54b54b,종로구,서울특별시,0.050572
다사55b60a,강북구,서울특별시,0.0488
다사58a65a,도봉구,서울특별시,0.0476
다사57b65a,도봉구,서울특별시,0.046336
다사51a40a,관악구,서울특별시,0.045848
다사50b61a,은평구,서울특별시,0.04472
다사52a54a,종로구,서울특별시,0.03708
다사64b60a,노원구,서울특별시,0.035704
다사48a38a,금천구,서울특별시,0.031824
다사64a51b,광진구,서울특별시,0.028176
다사58b64b,도봉구,서울특별시,0.025788
다사60a60a,노원구,서울특별시,0.023556
다사36b50a,강서구,서울특별시,0.0196
다사57b66b,도봉구,서울특별시,0.017956
다사42a43a,구로구,서울특별시,0.017744
다사64b58b,노원구,서울특별시,0.017192
다사57b65b,도봉구,서울특별시,0.015868
다사60a55b,성북구,서울특별시,0.01238048
다사56a64a,강북구,서울특별시,0.006612
다사63b64a,노원구,서울특별시,0.00602
다사35b50a,강서구,서울특별시,-999
다사35b50b,강서구,서울특별시,-999
다사36a50a,강서구,서울특별시,-999
다사36a51b,강서구,서울특별시,-999
다사36b50b,강서구,서울특별시,-999
다사36b51a,강서구,서울특별시,-999
다사36b51b,강서구,서울특별시,-999
다사36b52a,강서구,서울특별시,-999
다사36b52b,강서구,서울특별시,-999
다사37a50a,강서구,서울특별시,-999
다사37a50b,강서구,서울특별시,-999
다사37a51a,강서구,서울특별시,-999
다사37a51b,강서구,서울특별시,-999
다사37a52a,강서구,서울특별시,-999
다사37a52b,강서구,서울특별시,-999
다사37a53a,강서구,서울특별시,-999
다사37b50a,강서구,서울특별시,-999
다사37b50b,강서구,서울특별시,-999
다사37b51a,강서구,서울특별시,-999
다사37b52a,강서구,서울특별시,-999
다사37b52b,강서구,서울특별시,-999
다사37b53b,강서구,서울특별시,-999
다사38a50a,강서구,서울특별시,-999
다사38a50b,강서구,서울특별시,-999
다사38a51a,강서구,서울특별시,-999
다사38a51b,강서구,서울특별시,-999
다사38a55a,강서구,서울특별시,-999
다사38a55b,강서구,서울특별시,-999
다사38b49b,강서구,서울특별시,-999
다사38b50a,강서구,서울특별시,-999
다사38b50b,강서구,서울특별시,-999
다사38b54a,강서구,서울특별시,-999
다사38b54b,강서구,서울특별시,-999
다사38b55a,강서구,서울특별시,-999
다사38b55b,강서구,서울특별시,-999
다사39a54b,강서구,서울특별시,-999
다사39a55a,강서구,서울특별시,-999
다사39b54b,강서구,서울특별시,-999
다사39b55a,강서구,서울특별시,-999
다사40a53a,강서구,서울특별시,-999
다사40a53b,강서구,서울특별시,-999
다사40a54a,강서구,서울특별시,-999
다사40a54b,강서구,서울특별시,-999
다사40b53a,강서구,서울특별시,-999
다사40b53b,강서구,서울특별시,-999
다사40b54a,강서구,서울특별시,-999
다사41a42a,구로구,서울특별시,-999
다사41a53b,강서구,서울특별시,-999
다사42a53a,강서구,서울특별시,-999
다사43a52b,마포구,서울특별시,-999
다사43b52a,마포구,서울특별시,-999
다사43b52b,마포구,서울특별시,-999
다사44a51b,마포구,서울특별시,-999
다사44a52a,마포구,서울특별시,-999
다사44a52b,마포구,서울특별시,-999
다사44a53a,마포구,서울특별시,-999
다사44b51a,강서구,서울특별시,-999
다사44b51b,마포구,서울특별시,-999
다사44b52a,마포구,서울특별시,-999
다사44b52b,마포구,서울특별시,-999
다사44b53a,마포구,서울특별시,-999
다사45a50b,영등포구,서울특별시,-999
다사45a51a,마포구,서울특별시,-999
다사45a51b,마포구,서울특별시,-999
다사45b50a,영등포구,서울특별시,-999
다사45b50b,마포구,서울특별시,-999
다사45b51a,마포구,서울특별시,-999
다사46a50a,영등포구,서울특별시,-999
다사46a50b,마포구,서울특별시,-999
다사46a51a,마포구,서울특별시,-999
다사46a52a,마포구,서울특별시,-999
다사46b49b,영등포구,서울특별시,-999
다사46b50a,마포구,서울특별시,-999
다사47a49b,마포구,서울특별시,-999
다사47a56b,은평구,서울특별시,-999
다사47b48b,영등포구,서울특별시,-999
다사47b49a,영등포구,서울특별시,-999
다사47b59a,은평구,서울특별시,-999
다사48a49a,영등포구,서울특별시,-999
다사48b38a,금천구,서울특별시,-999
다사48b48b,영등포구,서울특별시,-999
다사48b49a,영등포구,서울특별시,-999
다사49a39b,관악구,서울특별시,-999
다사49a48b,영등포구,서울특별시,-999
다사49a49a,마포구,서울특별시,-999
다사49b38b,관악구,서울특별시,-999
다사49b39a,관악구,서울특별시,-999
다사49b48a,영등포구,서울특별시,-999
다사49b48b,영등포구,서울특별시,-999
다사50a38a,관악구,서울특별시,-999
다사50a38b,관악구,서울특별시,-999
다사50a39a,관악구,서울특별시,-999
다사50a39b,관악구,서울특별시,-999
다사50a40a,관악구,서울특별시,-999
다사50a47b,영등포구,서울특별시,-999
다사50a48a,영등포구,서울특별시,-999
다사50a48b,영등포구,서울특별시,-999
다사50a60b,은평구,서울특별시,-999
다사50b37b,관악구,서울특별시,-999
다사50b38a,관악구,서울특별시,-999
다사50b38b,관악구,서울특별시,-999
다사50b39a,관악구,서울특별시,-999
다사50b40a,관악구,서울특별시,-999
다사50b47a,영등포구,서울특별시,-999
다사50b47b,영등포구,서울특별시,-999
다사50b48a,영등포구,서울특별시,-999
다사50b52b,서대문구,서울특별시,-999
다사50b56a,서대문구,서울특별시,-999
다사50b57b,은평구,서울특별시,-999
다사50b58a,은평구,서울특별시,-999
다사50b58b,은평구,서울특별시,-999
다사50b59a,은평구,서울특별시,-999
다사51a38a,관악구,서울특별시,-999
다사51a38b,관악구,서울특별시,-999
다사51a39a,관악구,서울특별시,-999
다사51a39b,관악구,서울특별시,-999
다사51a46b,영등포구,서울특별시,-999
다사51a47a,영등포구,서울특별시,-999
다사51a47b,영등포구,서울특별시,-999
다사51a56b,은평구,서울특별시,-999
다사51a57a,은평구,서울특별시,-999
다사51a57b,은평구,서울특별시,-999
다사51a58a,은평구,서울특별시,-999
다사51a58b,은평구,서울특별시,-999
다사51a59a,은평구,서울특별시,-999
다사51a60a,은평구,서울특별시,-999
다사51a60b,은평구,서울특별시,-999
다사51b38a,관악구,서울특별시,-999
다사51b38b,관악구,서울특별시,-999
다사51b39a,관악구,서울특별시,-999
다사51b39b,관악구,서울특별시,-999
다사51b40b,관악구,서울특별시,-999
다사51b41a,관악구,서울특별시,-999
다사51b46b,용산구,서울특별시,-999
다사51b58b,종로구,서울특별시,-999
다사51b59a,은평구,서울특별시,-999
다사51b59b,은평구,서울특별시,-999
다사51b60a,은평구,서울특별시,-999
다사51b60b,은평구,서울특별시,-999
다사51b61a,은평구,서울특별시,-999
다사52a38a,관악구,서울특별시,-999
다사52a38b,관악구,서울특별시,-999
다사52a39a,관악구,서울특별시,-999
다사52a39b,관악구,서울특별시,-999
다사52a40a,관악구,서울특별시,-999
다사52a40b,관악구,서울특별시,-999
다사52a53b,종로구,서울특별시,-999
다사52a58a,종로구,서울특별시,-999
다사52a59a,은평구,서울특별시,-999
다사52a59b,은평구,서울특별시,-999
다사52a60a,은평구,서울특별시,-999
다사52a60b,은평구,서울특별시,-999
다사52b39a,관악구,서울특별시,-999
다사52b39b,관악구,서울특별시,-999
다사52b40a,관악구,서울특별시,-999
다사52b40b,관악구,서울특별시,-999
다사52b46a,용산구,서울특별시,-999
다사52b57b,종로구,서울특별시,-999
다사52b58a,종로구,서울특별시,-999
다사52b58b,종로구,서울특별시,-999
다사53a39a,관악구,서울특별시,-999
다사53a39b,관악구,서울특별시,-999
다사53a40a,관악구,서울특별시,-999
다사53a40b,관악구,서울특별시,-999
다사53a44a,동작구,서울특별시,-999
다사53a44b,동작구,서울특별시,-999
다사53a45b,용산구,서울특별시,-999
다사53a46a,용산구,서울특별시,-999
다사53a57b,종로구,서울특별시,-999
다사53a58a,종로구,서울특별시,-999
다사53a58b,종로구,서울특별시,-999
다사53b39b,관악구,서울특별시,-999
다사53b40a,관악구,서울특별시,-999
다사53b40b,관악구,서울특별시,-999
다사53b45a,동작구,서울특별시,-999
다사53b45b,용산구,서울특별시,-999
다사53b46a,용산구,서울특별시,-999
다사53b47b,용산구,서울특별시,-999
다사53b54b,종로구,서울특별시,-999
다사53b55a,종로구,서울특별시,-999
다사53b56a,종로구,서울특별시,-999
다사53b58a,종로구,서울특별시,-999
다사53b59a,성북구,서울특별시,-999
다사54a40a,관악구,서울특별시,-999
다사54a40b,관악구,서울특별시,-999
다사54a45b,용산구,서울특별시,-999
다사54a46a,용산구,서울특별시,-999
다사54a47a,용산구,서울특별시,-999
다사54a47b,용산구,서울특별시,-999
다사54a48a,용산구,서울특별시,-999
다사54a48b,용산구,서울특별시,-999
다사54a56a,종로구,서울특별시,-999
다사54a58a,종로구,서울특별시,-999
다사54a58b,성북구,서울특별시,-999
다사54a59a,성북구,서울특별시,-999
다사54a61b,강북구,서울특별시,-999
다사54b45b,용산구,서울특별시,-999
다사54b46a,용산구,서울특별시,-999
다사54b47b,용산구,서울특별시,-999
다사54b56a,성북구,서울특별시,-999
다사54b56b,성북구,서울특별시,-999
다사54b57a,성북구,서울특별시,-999
다사54b57b,성북구,서울특별시,-999
다사54b58a,성북구,서울특별시,-999
다사54b58b,성북구,서울특별시,-999
다사54b59a,성북구,서울특별시,-999
다사54b59b,강북구,서울특별시,-999
다사54b60a,강북구,서울특별시,-999
다사54b60b,강북구,서울특별시,-999
다사54b61a,강북구,서울특별시,-999
다사54b62a,강북구,서울특별시,-999
다사55a46a,서초구,서울특별시,-999
다사55a57a,성북구,서울특별시,-999
다사55a57b,성북구,서울특별시,-999
다사55a59a,성북구,서울특별시,-999
다사55a59b,강북구,서울특별시,-999
다사55a60a,강북구,서울특별시,-999
다사55a60b,강북구,서울특별시,-999
다사55a61a,강북구,서울특별시,-999
다사55a61b,강북구,서울특별시,-999
다사55a62a,강북구,서울특별시,-999
다사55a62b,강북구,서울특별시,-999
다사55b46a,서초구,서울특별시,-999
다사55b46b,용산구,서울특별시,-999
다사55b58a,성북구,서울특별시,-999
다사55b59a,강북구,서울특별시,-999
다사55b59b,강북구,서울특별시,-999
다사55b61a,강북구,서울특별시,-999
다사55b62a,강북구,서울특별시,-999
다사55b62b,강북구,서울특별시,-999
다사55b63a,강북구,서울특별시,-999
다사55b64a,강북구,서울특별시,-999
다사55b64b,강북구,서울특별시,-999
다사56a40b,서초구,서울특별시,-999
다사56a41a,서초구,서울특별시,-999
다사56a46b,서초구,서울특별시,-999
다사56a47a,용산구,서울특별시,-999
다사56a58b,강북구,서울특별시,-999
다사56a59a,강북구,서울특별시,-999
다사56a61b,강북구,서울특별시,-999
다사56a64b,강북구,서울특별시,-999
다사56b40b,서초구,서울특별시,-999
다사56b41a,서초구,서울특별시,-999
다사56b47a,서초구,서울특별시,-999
다사56b64a,강북구,서울특별시,-999
다사56b64b,도봉구,서울특별시,-999
다사56b65a,도봉구,서울특별시,-999
다사56b65b,도봉구,서울특별시,-999
다사57a41a,서초구,서울특별시,-999
다사57a41b,서초구,서울특별시,-999
다사57a47b,강남구,서울특별시,-999
다사57a63a,강북구,서울특별시,-999
다사57a63b,강북구,서울특별시,-999
다사57a64a,도봉구,서울특별시,-999
다사57a64b,도봉구,서울특별시,-999
다사57a65a,도봉구,서울특별시,-999
다사57a65b,도봉구,서울특별시,-999
다사57a66a,도봉구,서울특별시,-999
다사57a66b,도봉구,서울특별시,-999
다사57b48a,강남구,서울특별시,-999
다사57b48b,성동구,서울특별시,-999
다사57b63a,도봉구,서울특별시,-999
다사57b63b,도봉구,서울특별시,-999
다사57b64b,도봉구,서울특별시,-999
다사58a48b,성동구,서울특별시,-999
다사58a49a,성동구,서울특별시,-999
다사58a63b,도봉구,서울특별시,-999
다사58a66a,도봉구,서울특별시,-999
다사58a66b,도봉구,서울특별시,-999
다사58b48b,성동구,서울특별시,-999
다사58b49a,성동구,서울특별시,-999
다사59a38a,서초구,서울특별시,-999
다사59a38b,서초구,서울특별시,-999
다사59a39a,서초구,서울특별시,-999
다사59a48b,성동구,서울특별시,-999
다사59a49a,성동구,서울특별시,-999
다사59b37b,서초구,서울특별시,-999
다사59b38a,서초구,서울특별시,-999
다사59b48a,강남구,서울특별시,-999
다사60a37a,서초구,서울특별시,-999
다사60a37b,서초구,서울특별시,-999
다사60a38a,서초구,서울특별시,-999
다사60a38b,서초구,서울특별시,-999
다사60b37a,서초구,서울특별시,-999
다사60b41a,강남구,서울특별시,-999
다사60b50b,성동구,서울특별시,-999
다사60b59b,노원구,서울특별시,-999
다사61a37a,서초구,서울특별시,-999
다사61a37b,서초구,서울특별시,-999
다사61a38b,서초구,서울특별시,-999
다사61a40b,서초구,서울특별시,-999
다사61a41a,강남구,서울특별시,-999
다사61a41b,강남구,서울특별시,-999
다사61a47b,광진구,서울특별시,-999
다사61a65a,노원구,서울특별시,-999
다사61a65b,노원구,서울특별시,-999
다사61b38a,서초구,서울특별시,-999
다사61b38b,서초구,서울특별시,-999
다사61b40a,서초구,서울특별시,-999
다사61b40b,서초구,서울특별시,-999
다사61b41a,서초구,서울특별시,-999
다사61b41b,강남구,서울특별시,-999
다사61b47a,강남구,서울특별시,-999
다사61b63b,노원구,서울특별시,-999
다사61b64a,노원구,서울특별시,-999
다사61b64b,노원구,서울특별시,-999
다사61b65b,노원구,서울특별시,-999
다사62a38a,서초구,서울특별시,-999
다사62a38b,서초구,서울특별시,-999
다사62a39a,서초구,서울특별시,-999
다사62a40b,서초구,서울특별시,-999
다사62a41a,서초구,서울특별시,-999
다사62a41b,강남구,서울특별시,-999
다사62a42b,강남구,서울특별시,-999
다사62a46a,송파구,서울특별시,-999
다사62a46b,송파구,서울특별시,-999
다사62a47a,광진구,서울특별시,-999
다사62a63b,노원구,서울특별시,-999
다사62a64a,노원구,서울특별시,-999
다사62a64b,노원구,서울특별시,-999
다사62a65a,노원구,서울특별시,-999
다사62a65b,노원구,서울특별시,-999
다사62b38a,서초구,서울특별시,-999
다사62b38b,서초구,서울특별시,-999
다사62b40b,서초구,서울특별시,-999
다사62b41a,서초구,서울특별시,-999
다사62b41b,서초구,서울특별시,-999
다사62b46b,송파구,서울특별시,-999
다사62b47a,광진구,서울특별시,-999
다사62b64a,노원구,서울특별시,-999
다사62b64b,노원구,서울특별시,-999
다사62b65a,노원구,서울특별시,-999
다사62b65b,노원구,서울특별시,-999
다사62b66a,노원구,서울특별시,-999
다사63a41b,서초구,서울특별시,-999
다사63a47a,송파구,서울특별시,-999
다사63a59b,노원구,서울특별시,-999
다사63a64b,노원구,서울특별시,-999
다사63a65a,노원구,서울특별시,-999
다사63a65b,노원구,서울특별시,-999
다사63b39a,서초구,서울특별시,-999
다사63b46b,송파구,서울특별시,-999
다사63b47a,송파구,서울특별시,-999
다사63b59a,노원구,서울특별시,-999
다사63b61b,노원구,서울특별시,-999
다사63b62a,노원구,서울특별시,-999
다사63b62b,노원구,서울특별시,-999
다사63b63a,노원구,서울특별시,-999
다사63b63b,노원구,서울특별시,-999
다사63b65a,노원구,서울특별시,-999
다사64a47a,송파구,서울특별시,-999
다사64a47b,송파구,서울특별시,-999
다사64a52a,광진구,서울특별시,-999
다사64a52b,중랑구,서울특별시,-999
다사64a59a,노원구,서울특별시,-999
다사64a59b,노원구,서울특별시,-999
다사64a60a,노원구,서울특별시,-999
다사64a63a,노원구,서울특별시,-999
다사64a63b,노원구,서울특별시,-999
다사64a65a,노원구,서울특별시,-999
다사64b47b,송파구,서울특별시,-999
다사64b51a,광진구,서울특별시,-999
다사64b51b,광진구,서울특별시,-999
다사64b52a,광진구,서울특별시,-999
다사64b52b,광진구,서울특별시,-999
다사64b53a,중랑구,서울특별시,-999
다사64b53b,중랑구,서울특별시,-999
다사64b58a,노원구,서울특별시,-999
다사64b59a,노원구,서울특별시,-999
다사65a42a,강남구,서울특별시,-999
다사65a48a,송파구,서울특별시,-999
다사65a48b,송파구,서울특별시,-999
다사65a50b,광진구,서울특별시,-999
다사65a53b,중랑구,서울특별시,-999
다사65a54a,중랑구,서울특별시,-999
다사65a59a,노원구,서울특별시,-999
다사65b49a,송파구,서울특별시,-999
다사65b54b,중랑구,서울특별시,-999
다사65b55a,중랑구,서울특별시,-999
다사66a49b,강동구,서울특별시,-999
다사66a50a,강동구,서울특별시,-999
다사66a50b,강동구,서울특별시,-999
다사66b51a,강동구,서울특별시,-999
다사67a51b,강동구,서울특별시,-999
다사68a51b,강동구,서울특별시,-999
다사69a43a,송파구,서울특별시,-999
다사69a52a,강동구,서울특별시,-999
다사71a53a,강동구,서울특별시,-999
다사64b48a,송파구,서울특별시,-999
